-- Fixa demo seed. Generated by seed/generate_seed.py. Run ONCE.
-- Demo login password for every seeded account: FixaDemo123!
-- Remove everything later with seed/cleanup.sql

BEGIN;

INSERT INTO users ("UserId", "FirstName", "LastName", "Email", "PasswordHash", "PasswordSalt", "AccountType", "CreatedDate") VALUES
('6bb63e4f-206f-a955-44e4-27174e381615','Jack','Brown','pro.jack.brown0@seed.fixa.site',decode('443db4426508532c312982cae5374be2010cd822dbc47958d9d44561764e5be1','hex'),decode('52f9cf5f4566ff7a1494c17767de41ca','hex'),1,now() - interval '197 days'),
('75d124aa-8a95-52b1-9bfa-aa375526c562','Alice','Durand','pro.alice.durand1@seed.fixa.site',decode('e8a4917e9f504ecbeb2c520ae845b928b69c5fc6945a164352d8ab18b4d2babd','hex'),decode('031049828fe0b5aa6980040fae8d4937','hex'),1,now() - interval '54 days'),
('357169d7-956f-7219-fa7f-43d26a0ac00b','Harry','Hughes','pro.harry.hughes2@seed.fixa.site',decode('eb51cd95e1c83231ce3b2af3ba9226e00ed150c8fe1fe42b059a72e880c77cac','hex'),decode('a0bce7550510f1827785b4b67611c0d8','hex'),1,now() - interval '40 days'),
('7cd3050a-c759-80e4-7a3a-f260752dc163','Jade','Richard','pro.jade.richard3@seed.fixa.site',decode('c976196d775a86389e5788663a955d6b563d8cf58857e270b9e6a6dd9bbddaa5','hex'),decode('155fcff7ed81d7f69265da791616be95','hex'),1,now() - interval '181 days'),
('de7987a4-6300-0a00-f753-eafd7f8743ba','Harry','Brown','pro.harry.brown4@seed.fixa.site',decode('5c9c38a4d69eaa69e763128c6f4fc87624142920911a64e1a962ddd34e1c730c','hex'),decode('5b79ef24c902ff8bfc578e555644bd97','hex'),1,now() - interval '204 days'),
('d8afcb4e-65f2-4381-fbcf-cb6aa4bafdb5','Ava','Brown','pro.ava.brown5@seed.fixa.site',decode('cc4e8122323d6eee37371b76b98e35697c9c2800d7836b1987b1a598104e277d','hex'),decode('08a4fcdd32cc0bed0198a53d63411475','hex'),1,now() - interval '246 days'),
('0bf8aaa4-d053-e405-bbaa-db16534b944d','Louis','Dubois','pro.louis.dubois6@seed.fixa.site',decode('51ffb551c72e97e10744eec0c653853a8eeea8220a82574b49d00a0d07ce56ac','hex'),decode('af1c116e4bbba344641482652c52b9d8','hex'),1,now() - interval '266 days'),
('532661b7-139b-0aa9-e58a-718fb88f9e3e','Louise','Moreau','pro.louise.moreau7@seed.fixa.site',decode('dc17c33ba0820da62b95b01d2721616efd40a67019a22810c0dee91a6b2afbcd','hex'),decode('252e3f5a8d999916885120e302830102','hex'),1,now() - interval '115 days'),
('08eff55e-0bd3-fcd8-643e-f77029cd7f2f','Amelia','Wilson','pro.amelia.wilson8@seed.fixa.site',decode('96e72cfa54fdb2b043cc965844e5033877755e2caad9e0594a62d28d525bc39e','hex'),decode('ae9bd92334f7052a7b1445aeadc35af7','hex'),1,now() - interval '239 days'),
('eefa2344-a09e-9a26-c702-e329fe86c3c1','Gabriel','Simon','pro.gabriel.simon9@seed.fixa.site',decode('741628970e5ad5c63af8ac6dac530db29ba8f8c37928c9ff21891b76ce943d94','hex'),decode('3895ac31baf1a4ed7005766b199ceb3b','hex'),1,now() - interval '211 days'),
('21a187e2-46f2-29b1-95d8-7559604a6c14','Charlie','Turner','pro.charlie.turner10@seed.fixa.site',decode('f7a37a29bc56db8c362574a90fc63c24a4bf2dd3793c3162c76acf04a2be0024','hex'),decode('e245ccdfcb5c05d061de7eb8880c715f','hex'),1,now() - interval '133 days'),
('26e01d35-5c66-bdee-2291-0ec7b055b5ba','Leo','Robinson','pro.leo.robinson11@seed.fixa.site',decode('a6780d8f5f298f8f5ace02c3c4f87150fb86b381b4983c4fe5e6d24fa4670b11','hex'),decode('b7bc38ec51ee617c3775b6b0ae97d100','hex'),1,now() - interval '217 days'),
('e7df80c8-89ed-7ae4-7aff-321364e7a5bb','Paul','Garcia','pro.paul.garcia12@seed.fixa.site',decode('9eaabd06042b695288ef236fd81b72ae4d8a6f73389e0b436c0c791e9c71e022','hex'),decode('f18f0b616ef41801d273c5ca44916d53','hex'),1,now() - interval '157 days'),
('001efde8-8ff5-e4f8-5264-4f287307bc0c','Leo','Evans','pro.leo.evans13@seed.fixa.site',decode('c1b668fd239668d2d927ca69f66533033fcff9c043be1c111022f66cf53fc432','hex'),decode('a53c30d11f20981737b1d50a21c01fef','hex'),1,now() - interval '289 days'),
('4af0d5f5-087a-a8f3-f55a-0f23ac272b53','Ruby','Roberts','pro.ruby.roberts14@seed.fixa.site',decode('efd37fda1f14289c65fc1d44a01d05009588cd7945f7d5ad01b45ab7734dac86','hex'),decode('2a24221c3e4251f8fea8ae84889eed82','hex'),1,now() - interval '237 days'),
('7e388b5c-724e-cb31-f8e6-3ec5f39bad82','George','Hall','pro.george.hall15@seed.fixa.site',decode('4685a3ae07232f2febbb03ef8fde7f573468f1f251f1d7b9f91a76b21ea0df82','hex'),decode('9bd1a83138b620d1904279d385c879c4','hex'),1,now() - interval '165 days'),
('405821a3-fbab-f7eb-0d7b-88ccaaeb62b3','Louis','Leroy','pro.louis.leroy16@seed.fixa.site',decode('72ca05ecef6e888bae2d85c8ab049e2f578d610b3a5f67fc5dc8fabce1cd900a','hex'),decode('05e97d65c324f2ece109940df7f30981','hex'),1,now() - interval '145 days'),
('5380cd73-3839-4027-a052-ab8b66049890','Arthur','Laurent','pro.arthur.laurent17@seed.fixa.site',decode('f8a6df4c9d665ba07f495b3af96a1a3562f9c7c7060a28a2bb6d61453807dc41','hex'),decode('2c252c7cc30f8f925516cd9e18cb2352','hex'),1,now() - interval '46 days'),
('a9078d2a-4438-e883-ccfe-cfd357566b92','Henry','Thomas','cust.henry.thomas0@seed.fixa.site',decode('b65b3f3193e56f883b58f6b03e19a88eccd8267678e9ae0e1221b7675cbc1a57','hex'),decode('c60f6a71938d69a0c985aeb7ea383099','hex'),0,now() - interval '61 days'),
('83081393-cbce-8ff5-43ce-84f96b8721ee','Theo','Robert','cust.theo.robert1@seed.fixa.site',decode('6e497997867b4adccc51b1a6d7b7ddcba9b45030b094274950f75c733bcca329','hex'),decode('c3b98997b855220307627c73c51ae1ab','hex'),0,now() - interval '120 days'),
('2fada40f-1fcd-378d-e862-ffda40bfe637','Emma','Michel','cust.emma.michel2@seed.fixa.site',decode('e2164b3c3f9a8099e9ee139b0ece946a0e4ec87cc3d053878bcef0020bc434e3','hex'),decode('d6798cba33108ac6cf6803fd8c047ffb','hex'),0,now() - interval '146 days'),
('684aa6ec-1757-40b3-a0e5-c591485a65af','Nathan','Richard','cust.nathan.richard3@seed.fixa.site',decode('7f7de511bb3164d289142ba470f38c8d47094af5fb2b9bcfd37448223a4606d6','hex'),decode('6938ed8ae884eb5339111709a21119a6','hex'),0,now() - interval '137 days'),
('f026da5d-30a1-4287-7655-219c834cc875','Ella','Thomas','cust.ella.thomas4@seed.fixa.site',decode('fee104732f9493d2b7dbc5460150cd7206935329093816a4236b30b40477f94c','hex'),decode('45c50a914dd9d06d3999007bcb75ac41','hex'),0,now() - interval '45 days'),
('83649836-8d29-77c3-e3d1-c3130625ac71','Julie','Garcia','cust.julie.garcia5@seed.fixa.site',decode('30288d1d3b8483635d0684d01a8361ad58db4e40ca3dee57d6bba24d8f9673e4','hex'),decode('2e2c82b21761cef96b7aec341787fcb9','hex'),0,now() - interval '58 days'),
('8c28aba5-d7f9-4700-5af1-ecb2b8b0fa04','Evie','Brown','cust.evie.brown6@seed.fixa.site',decode('93febd66a9f387ef758e3e0b17aa23e0c906079a5196c678e90843a35d32897f','hex'),decode('2cb95220bb35d1e030f2c21511946ade','hex'),0,now() - interval '151 days'),
('6ba9d6ad-26f4-0b41-64c6-02f5b62d80a9','Hugo','Robert','cust.hugo.robert7@seed.fixa.site',decode('1896379f02c88a03794411b3a510f16fc8e9dceddf95b3ce0680dbead336253e','hex'),decode('42836403301f9db3f7c6c8098c6c772d','hex'),0,now() - interval '130 days'),
('264ae085-fa4e-d6ae-6c59-7788d18c4c32','Ella','Robinson','cust.ella.robinson8@seed.fixa.site',decode('645d5f9136a76dee1538687bfcb365096f804ebeb76d6c0c150e8891aef119d5','hex'),decode('13330308b8d25de7380a7a1f578ff3cd','hex'),0,now() - interval '217 days'),
('488dca09-c9e9-9142-fc3b-3ab6207134eb','Amelia','Williams','cust.amelia.williams9@seed.fixa.site',decode('880c93480539bdd592dc5e152afbc05b7e34e20ecbb35d200cadf3e990ec7364','hex'),decode('ab19ebbfecd1f1d8f34f54c4c10b5f1e','hex'),0,now() - interval '240 days'),
('a6aee05f-20e3-c5f2-2bce-607e633dc3b0','Lina','Moreau','cust.lina.moreau10@seed.fixa.site',decode('64720eaaaa7d3e98e86524a6efd7838a1e9cc29f8dad84373cf230625e74af9e','hex'),decode('cd1ef0159c87c4d9a2f522a95d9358b4','hex'),0,now() - interval '123 days'),
('49b45630-8366-5b81-3f35-8d0a75c94aef','Amelia','Thomas','cust.amelia.thomas11@seed.fixa.site',decode('2ff71a31d558279871c22c70c9c2935eb005e111023fdab06673d1a1161f08a0','hex'),decode('64e06381dbdd7c4a409dc7983333d7f1','hex'),0,now() - interval '260 days'),
('d1082608-90b6-7822-87af-c933fa41a395','Oscar','Hughes','cust.oscar.hughes12@seed.fixa.site',decode('9432e428f48cb071c63feaf4c45896ca812f0a54b17704373f324e587b173466','hex'),decode('172e820c7c96b106fa920c2b5d4000c3','hex'),0,now() - interval '63 days'),
('f21e276c-4015-ab0d-afd3-54ac472e2991','Raphael','Vincent','cust.raphael.vincent13@seed.fixa.site',decode('4b011190b43c70f5eb916f5baf5a0fd1bcde57eccc76fd0d32d4d8350590de28','hex'),decode('74a668836b2d8ee98cac1e1853494b24','hex'),0,now() - interval '67 days'),
('edabb645-94b2-6834-4d0c-d9b5cea93ddb','Ruby','Green','cust.ruby.green14@seed.fixa.site',decode('2d1adcc8161fc8e6b1fbda32cdd5dbf68f9a1bfa91212dfcb16d59d61d3b7ae6','hex'),decode('85f711ff6078d1a0d24328a442de48ab','hex'),0,now() - interval '136 days'),
('07d51d4e-9873-ea37-23dc-800b9682f950','Amelia','Taylor','cust.amelia.taylor15@seed.fixa.site',decode('d9d6f279298a8d6948401da578dfddcc776676ed5c5768b92c124096b77e0f58','hex'),decode('b6952d5ba430ec5ad51786a0d72fc5bb','hex'),0,now() - interval '35 days'),
('35dfd111-9a9c-d1d4-eb87-951c6e6da907','Mia','Thompson','cust.mia.thompson16@seed.fixa.site',decode('0adce9b3d93b10f996f99499aa64046fa91397088efef2ff1c340f83eafc78ee','hex'),decode('ec56bc52cf9b0d01a9e6958611bbe438','hex'),0,now() - interval '82 days'),
('130a16f6-0cfe-3088-2867-7114053ba72b','Manon','Martin','cust.manon.martin17@seed.fixa.site',decode('6b69ded1d208ac1d32797e94dac0cfeff704cad3077dae4d38ebf86054210611','hex'),decode('b9a6b8abbe50f19e98430737f31170f0','hex'),0,now() - interval '30 days'),
('7d0d8c45-82d3-8740-ee3d-5253a468283e','Evie','Ward','cust.evie.ward18@seed.fixa.site',decode('f75980a6bd95eb7df50f876797bf2bf3ee1fa9c86ac3a54d79d9df9676f4f058','hex'),decode('1b4a6e943cd9e45ba217de061ce761fe','hex'),0,now() - interval '161 days'),
('99c07696-82fa-4f30-43eb-3cb2d8659116','Chloe','Vincent','cust.chloe.vincent19@seed.fixa.site',decode('5acbf0c446e273d77cc055ff32ea2405acd067bfda95e7d021039d32336b4da6','hex'),decode('aba1a7af88a0e55a26e0b196558f2e0a','hex'),0,now() - interval '212 days'),
('5182738d-2b4e-468c-0a94-0d999e4e400b','Jacob','Jones','cust.jacob.jones20@seed.fixa.site',decode('75086a173ca0c305e37057e67ae4708ad4ac959209b5d928de030b021f65730d','hex'),decode('a996ab124b8bf4131f754e634267334d','hex'),0,now() - interval '135 days'),
('4135be19-2cf1-f7f4-6a02-f1f5884fbebe','Henry','Wright','cust.henry.wright21@seed.fixa.site',decode('416737c144627bb3e7bec0a670d184218b8fe13c8ecc2ee1b166071a1928a4fe','hex'),decode('a19d48d8ba34ced22899a2dfc91e7588','hex'),0,now() - interval '144 days'),
('7cbe29b2-0110-5a18-d143-18fe759e02fd','Oliver','Wood','cust.oliver.wood22@seed.fixa.site',decode('1bf3a3e1b4d902e34be17064043242d01b127fcd75b40f149dd623fb8d379742','hex'),decode('1237d97a71a7aa87483105fe22ad4ad2','hex'),0,now() - interval '236 days'),
('44d59b95-ab6b-97fc-0a7b-7412a1aa1dc0','Chloe','Roux','cust.chloe.roux23@seed.fixa.site',decode('4ae651f5b51c8c96692cb27b6efa8bf457d2f892375fcfe307452a46a7c4b760','hex'),decode('a3b664b24e5ea3c9b9bdc16dc8bbc1a7','hex'),0,now() - interval '140 days');

INSERT INTO customers ("CustomerId", "UserId", "FirstName", "LastName", "Email", "Phone", "Address", "Languages", "PhotoUrl", "PreferredCurrency", "CreatedAt", "UpdatedAt") VALUES
('b2a95083-cb80-82b7-17b8-c194f838f7c6','a9078d2a-4438-e883-ccfe-cfd357566b92','Henry','Thomas','cust.henry.thomas0@seed.fixa.site','07215778938','192 Park Avenue, Cardiff','en','','gbp',now() - interval '61 days',now() - interval '61 days'),
('ad974db2-b2f0-b62d-8aba-559788087dfe','83081393-cbce-8ff5-43ce-84f96b8721ee','Theo','Robert','cust.theo.robert1@seed.fixa.site','0681237356','178 Rue de la Paix, Grenoble','fr,ar','','eur',now() - interval '120 days',now() - interval '120 days'),
('051bde50-785e-d62a-cf44-2217f2235532','2fada40f-1fcd-378d-e862-ffda40bfe637','Emma','Michel','cust.emma.michel2@seed.fixa.site','0699708196','55 Allee des Tilleuls, Montpellier','fr,en','','eur',now() - interval '146 days',now() - interval '146 days'),
('fc9f4202-f86d-c5b7-675d-d86243b54c7a','684aa6ec-1757-40b3-a0e5-c591485a65af','Nathan','Richard','cust.nathan.richard3@seed.fixa.site','0675000404','33 Avenue Victor Hugo, Nantes','fr','','eur',now() - interval '137 days',now() - interval '137 days'),
('b6062cc1-ce12-ed7d-e2ce-536888eba82e','f026da5d-30a1-4287-7655-219c834cc875','Ella','Thomas','cust.ella.thomas4@seed.fixa.site','07944601506','73 Victoria Road, Birmingham','en,ro','','gbp',now() - interval '45 days',now() - interval '45 days'),
('d340c4b1-5327-c546-cce6-d09ce6c69355','83649836-8d29-77c3-e3d1-c3130625ac71','Julie','Garcia','cust.julie.garcia5@seed.fixa.site','0606130700','178 Boulevard Saint-Michel, Paris','fr,en','','eur',now() - interval '58 days',now() - interval '58 days'),
('f5bfffe6-e9d0-4d85-706b-d858c7e6d7aa','8c28aba5-d7f9-4700-5af1-ecb2b8b0fa04','Evie','Brown','cust.evie.brown6@seed.fixa.site','07220166326','144 Manor Court, Bristol','en,pl','','gbp',now() - interval '151 days',now() - interval '151 days'),
('0c1e407e-6a9c-681a-6a91-f3a5ecfb256d','6ba9d6ad-26f4-0b41-64c6-02f5b62d80a9','Hugo','Robert','cust.hugo.robert7@seed.fixa.site','0683688812','45 Rue de la Paix, Rouen','fr,en','','eur',now() - interval '130 days',now() - interval '130 days'),
('23566950-18b3-9baf-e3fe-72532a79a802','264ae085-fa4e-d6ae-6c59-7788d18c4c32','Ella','Robinson','cust.ella.robinson8@seed.fixa.site','07024161486','8 Albert Road, Cardiff','en,ro','','gbp',now() - interval '217 days',now() - interval '217 days'),
('28e8ecbf-fb23-c87e-4f26-db53e5afd133','488dca09-c9e9-9142-fc3b-3ab6207134eb','Amelia','Williams','cust.amelia.williams9@seed.fixa.site','07164483423','147 Kings Road, Newcastle','en,es','','gbp',now() - interval '240 days',now() - interval '240 days'),
('a2e2fd8a-8c57-8a5c-fcc4-f353211d3b2f','a6aee05f-20e3-c5f2-2bce-607e633dc3b0','Lina','Moreau','cust.lina.moreau10@seed.fixa.site','0748715270','72 Rue du Commerce, Reims','fr','','eur',now() - interval '123 days',now() - interval '123 days'),
('36c20bcc-2810-3a25-6376-cf5dba6ff2db','49b45630-8366-5b81-3f35-8d0a75c94aef','Amelia','Thomas','cust.amelia.thomas11@seed.fixa.site','07927673513','120 Oak Close, Sheffield','en,pl','','gbp',now() - interval '260 days',now() - interval '260 days'),
('9ed48791-f5c6-115f-ffa6-fb2291ffdede','d1082608-90b6-7822-87af-c933fa41a395','Oscar','Hughes','cust.oscar.hughes12@seed.fixa.site','07585670696','49 Elm Drive, London','en','','gbp',now() - interval '63 days',now() - interval '63 days'),
('17ac6d0d-4222-ba16-14cb-14cf6368b3b5','f21e276c-4015-ab0d-afd3-54ac472e2991','Raphael','Vincent','cust.raphael.vincent13@seed.fixa.site','0767533595','123 Allee des Tilleuls, Toulon','fr,en','','eur',now() - interval '67 days',now() - interval '67 days'),
('93f6d534-f3af-d9d4-5c39-7b5890f76dd8','edabb645-94b2-6834-4d0c-d9b5cea93ddb','Ruby','Green','cust.ruby.green14@seed.fixa.site','07676940558','17 Church Lane, Reading','en,es','','gbp',now() - interval '136 days',now() - interval '136 days'),
('7e7704e6-83d8-4c65-796e-020d97ab834f','07d51d4e-9873-ea37-23dc-800b9682f950','Amelia','Taylor','cust.amelia.taylor15@seed.fixa.site','07150648732','10 Manor Court, Cambridge','en,pl','','gbp',now() - interval '35 days',now() - interval '35 days'),
('9343ef5f-bc36-c2ba-4105-20bdc375e9bf','35dfd111-9a9c-d1d4-eb87-951c6e6da907','Mia','Thompson','cust.mia.thompson16@seed.fixa.site','07528441503','55 Meadow Way, Oxford','en,ar','','gbp',now() - interval '82 days',now() - interval '82 days'),
('b57f784c-86b6-c5a9-4e72-fcb11287a94f','130a16f6-0cfe-3088-2867-7114053ba72b','Manon','Martin','cust.manon.martin17@seed.fixa.site','0789272592','100 Rue de la Paix, Marseille','fr,en','','eur',now() - interval '30 days',now() - interval '30 days'),
('d2a94ba2-b839-f691-54ee-274eba89ff88','7d0d8c45-82d3-8740-ee3d-5253a468283e','Evie','Ward','cust.evie.ward18@seed.fixa.site','07331285769','71 Green Lane, Bristol','en,es','','gbp',now() - interval '161 days',now() - interval '161 days'),
('1690926a-8bac-c03f-bea9-37663d16b452','99c07696-82fa-4f30-43eb-3cb2d8659116','Chloe','Vincent','cust.chloe.vincent19@seed.fixa.site','0637784230','3 Avenue de la Republique, Marseille','fr,ar','','eur',now() - interval '212 days',now() - interval '212 days'),
('3651192b-4f2a-cbf1-768f-f41848cf5e97','5182738d-2b4e-468c-0a94-0d999e4e400b','Jacob','Jones','cust.jacob.jones20@seed.fixa.site','07929487878','159 High Street, Southampton','en,ro','','gbp',now() - interval '135 days',now() - interval '135 days'),
('663bdd42-3ca0-2a16-a342-608cef156e44','4135be19-2cf1-f7f4-6a02-f1f5884fbebe','Henry','Wright','cust.henry.wright21@seed.fixa.site','07786852980','76 Queen Street, Leicester','en,pl','','gbp',now() - interval '144 days',now() - interval '144 days'),
('6389b13b-6db4-d388-21e5-d8c10362b41d','7cbe29b2-0110-5a18-d143-18fe759e02fd','Oliver','Wood','cust.oliver.wood22@seed.fixa.site','07364611690','73 Springfield Road, Belfast','en','','gbp',now() - interval '236 days',now() - interval '236 days'),
('fe1dd47d-a64c-f947-15ef-569954cc453a','44d59b95-ab6b-97fc-0a7b-7412a1aa1dc0','Chloe','Roux','cust.chloe.roux23@seed.fixa.site','0601656073','76 Boulevard Saint-Michel, Nice','fr,ar','','eur',now() - interval '140 days',now() - interval '140 days');

INSERT INTO professionals ("ProfessionalId", "UserId", "FirstName", "LastName", "Email", "Specialty", "Bio", "ServiceArea", "LocationLabel", "Latitude", "Longitude", "Languages", "PhotoUrl", "StripeAccountId", "StripeChargesEnabled", "StripePayoutsEnabled", "StripeDetailsSubmitted", "CreatedAt", "UpdatedAt") VALUES
('eb3627bd-d7a5-a69d-2046-5c164954ac0a','6bb63e4f-206f-a955-44e4-27174e381615','Jack','Brown','pro.jack.brown0@seed.fixa.site','Handyman','Local specialist focused on quality work and fair pricing.','Coventry and surrounding areas','Coventry',52.37886,-1.50454,'en,ro','','acct_seed_0',true,true,true,now() - interval '197 days',now() - interval '197 days'),
('27ac788e-d014-903b-a552-ade009e535fd','75d124aa-8a95-52b1-9bfa-aa375526c562','Alice','Durand','pro.alice.durand1@seed.fixa.site','Electrician','Friendly, reliable and tidy — I treat every home like my own.','Grenoble and surrounding areas','Grenoble',45.20195,5.69692,'fr','','acct_seed_1',true,true,true,now() - interval '54 days',now() - interval '54 days'),
('e5f5bcaf-8ae1-87ba-a0a1-8fb998cdee6e','357169d7-956f-7219-fa7f-43d26a0ac00b','Harry','Hughes','pro.harry.hughes2@seed.fixa.site','Electrician','Multilingual pro comfortable working with expat clients.','Edinburgh and surrounding areas','Edinburgh',55.89919,-3.21834,'en','','acct_seed_2',true,true,true,now() - interval '40 days',now() - interval '40 days'),
('b471dbb5-2730-bee5-2e70-344c19078cbe','7cd3050a-c759-80e4-7a3a-f260752dc163','Jade','Richard','pro.jade.richard3@seed.fixa.site','Plumber','Fully insured and happy to quote on jobs big and small.','Toulon and surrounding areas','Toulon',43.09605,5.95376,'fr,ar','','acct_seed_3',true,true,true,now() - interval '181 days',now() - interval '181 days'),
('789be1aa-4d28-1b70-1af5-00792bad1236','de7987a4-6300-0a00-f753-eafd7f8743ba','Harry','Brown','pro.harry.brown4@seed.fixa.site','Cleaner','Time-served tradesperson with over ten years'' experience across residential jobs.','Coventry and surrounding areas','Coventry',52.40612,-1.55558,'en,pl','','acct_seed_4',true,true,true,now() - interval '204 days',now() - interval '204 days'),
('78486db6-4558-baf0-dd97-39be046ed3ba','d8afcb4e-65f2-4381-fbcf-cb6aa4bafdb5','Ava','Brown','pro.ava.brown5@seed.fixa.site','Painter & Decorator','Local specialist focused on quality work and fair pricing.','London and surrounding areas','London',51.52381,-0.15078,'en,pl','','acct_seed_5',true,true,true,now() - interval '246 days',now() - interval '246 days'),
('b9684ad2-9ed0-6bf7-a5ee-fc3797b0fec8','0bf8aaa4-d053-e405-bbaa-db16534b944d','Louis','Dubois','pro.louis.dubois6@seed.fixa.site','Handyman','Local specialist focused on quality work and fair pricing.','Marseille and surrounding areas','Marseille',43.26168,5.31701,'fr,en','','acct_seed_6',true,true,true,now() - interval '266 days',now() - interval '266 days'),
('5050c90c-a260-674a-30ef-5d61ae84658c','532661b7-139b-0aa9-e58a-718fb88f9e3e','Louise','Moreau','pro.louise.moreau7@seed.fixa.site','Electrician','Local specialist focused on quality work and fair pricing.','Lille and surrounding areas','Lille',50.67524,3.07972,'fr','','acct_seed_7',true,true,true,now() - interval '115 days',now() - interval '115 days'),
('06aaf1f9-4858-3c1d-e8f4-81b03080b3f7','08eff55e-0bd3-fcd8-643e-f77029cd7f2f','Amelia','Wilson','pro.amelia.wilson8@seed.fixa.site','Painter & Decorator','Friendly, reliable and tidy — I treat every home like my own.','Oxford and surrounding areas','Oxford',51.7422,-1.22119,'en','','acct_seed_8',true,true,true,now() - interval '239 days',now() - interval '239 days'),
('9cfe229c-80d0-bcc3-57b6-07a09c2804a1','eefa2344-a09e-9a26-c702-e329fe86c3c1','Gabriel','Simon','pro.gabriel.simon9@seed.fixa.site','Cleaner','Local specialist focused on quality work and fair pricing.','Nantes and surrounding areas','Nantes',47.17989,-1.59427,'fr,en','','acct_seed_9',true,true,true,now() - interval '211 days',now() - interval '211 days'),
('d3977501-9f0c-4a98-64a5-e99112287332','21a187e2-46f2-29b1-95d8-7559604a6c14','Charlie','Turner','pro.charlie.turner10@seed.fixa.site','Painter & Decorator','Fully insured and happy to quote on jobs big and small.','Southampton and surrounding areas','Southampton',50.86995,-1.43381,'en,ro','','acct_seed_10',true,true,true,now() - interval '133 days',now() - interval '133 days'),
('06ae77ea-3780-e855-246e-fa382325dd72','26e01d35-5c66-bdee-2291-0ec7b055b5ba','Leo','Robinson','pro.leo.robinson11@seed.fixa.site','Cleaner','Fully insured and happy to quote on jobs big and small.','Edinburgh and surrounding areas','Edinburgh',55.99764,-3.22659,'en,ar','','acct_seed_11',true,true,true,now() - interval '217 days',now() - interval '217 days'),
('3f2609c7-ed4e-f514-0767-6783a39d3d1d','e7df80c8-89ed-7ae4-7aff-321364e7a5bb','Paul','Garcia','pro.paul.garcia12@seed.fixa.site','Electrician','Time-served tradesperson with over ten years'' experience across residential jobs.','Lille and surrounding areas','Lille',50.62288,3.04478,'fr,en','','acct_seed_12',true,true,true,now() - interval '157 days',now() - interval '157 days'),
('fa87243e-faac-6b21-27e7-34bbb73cfc26','001efde8-8ff5-e4f8-5264-4f287307bc0c','Leo','Evans','pro.leo.evans13@seed.fixa.site','Gardener','Time-served tradesperson with over ten years'' experience across residential jobs.','Edinburgh and surrounding areas','Edinburgh',56.005,-3.2124,'en','','acct_seed_13',true,true,true,now() - interval '289 days',now() - interval '289 days'),
('2d9ea313-fbe6-cd34-e469-150e555b54e9','4af0d5f5-087a-a8f3-f55a-0f23ac272b53','Ruby','Roberts','pro.ruby.roberts14@seed.fixa.site','Gardener','Fully insured and happy to quote on jobs big and small.','London and surrounding areas','London',51.45677,-0.15131,'en','','acct_seed_14',true,true,true,now() - interval '237 days',now() - interval '237 days'),
('00c35863-9938-381f-6de8-6716d1a72be5','7e388b5c-724e-cb31-f8e6-3ec5f39bad82','George','Hall','pro.george.hall15@seed.fixa.site','Electrician','Time-served tradesperson with over ten years'' experience across residential jobs.','Coventry and surrounding areas','Coventry',52.35238,-1.53822,'en,ro','','acct_seed_15',true,true,true,now() - interval '165 days',now() - interval '165 days'),
('8b447284-c32b-9eb6-074d-38e6a4091e64','405821a3-fbab-f7eb-0d7b-88ccaaeb62b3','Louis','Leroy','pro.louis.leroy16@seed.fixa.site','Electrician','Local specialist focused on quality work and fair pricing.','Marseille and surrounding areas','Marseille',43.28543,5.36339,'fr','','acct_seed_16',true,true,true,now() - interval '145 days',now() - interval '145 days'),
('66671bd5-937b-7392-f0cd-87072d6d87d8','5380cd73-3839-4027-a052-ab8b66049890','Arthur','Laurent','pro.arthur.laurent17@seed.fixa.site','Electrician','Multilingual pro comfortable working with expat clients.','Rouen and surrounding areas','Rouen',49.49694,1.05919,'fr','','acct_seed_17',true,true,true,now() - interval '46 days',now() - interval '46 days');

INSERT INTO jobs ("JobId", "CustomerId", "AcceptedQuoteId", "Name", "Description", "Category", "Address", "LocationLabel", "PhotoUrl", "Currency", "Latitude", "Longitude", "Status", "CreatedAt", "UpdatedAt") VALUES
('fe7f7740-e0d1-fac9-7b79-84173be41474','3651192b-4f2a-cbf1-768f-f41848cf5e97','1160317d-fb32-9a76-218e-072f972bc851','Repair garden gate','Side gate is dropping and the latch no longer catches.','repairs','80 Queen Street, Southampton','Southampton area','','gbp',50.95912,-1.40031,3,now() - interval '79 days',now() - interval '79 days'),
('5ce2cbd9-1c3c-4163-89b2-a9cbed067762','b2a95083-cb80-82b7-17b8-c194f838f7c6',NULL,'Repaint living room','Living room walls and ceiling need repainting, roughly 4m x 5m.','painting','33 Albert Road, Cardiff','Cardiff area','','gbp',51.52377,-3.18166,0,now() - interval '43 days',now() - interval '43 days'),
('431f88da-ddbc-409f-2a66-20cadebeca55','d2a94ba2-b839-f691-54ee-274eba89ff88',NULL,'EV charger installation','Looking to have a home EV charger fitted on the driveway wall.','electrical','33 Albert Road, Bristol','Bristol area','','gbp',51.45149,-2.56783,0,now() - interval '49 days',now() - interval '49 days'),
('39ee5372-6e88-d763-48a8-07434029b8de','663bdd42-3ca0-2a16-a342-608cef156e44',NULL,'Flat-pack furniture assembly','A wardrobe and chest of drawers need assembling.','repairs','106 Elm Drive, Leicester','Leicester area','','gbp',52.59569,-1.17643,0,now() - interval '5 days',now() - interval '5 days'),
('cd768449-a602-cc80-8bf5-43f9032c7c62','9343ef5f-bc36-c2ba-4105-20bdc375e9bf',NULL,'Blocked bathroom drain','Shower drains very slowly and water backs up. Needs clearing.','plumbing','99 Victoria Road, Oxford','Oxford area','','gbp',51.71725,-1.27649,0,now() - interval '50 days',now() - interval '50 days'),
('cf82db14-3439-45f8-000a-36ab574df2bc','a2e2fd8a-8c57-8a5c-fcc4-f353211d3b2f','45aa976f-3a10-9102-8632-c1eb47c13dc1','Oven deep clean','Oven and hob need a proper deep clean, lots of built-up grease.','cleaning','79 Rue de la Gare, Reims','Reims area','','eur',49.22697,4.05395,1,now() - interval '45 days',now() - interval '45 days'),
('5a91458c-4bec-b2e9-0f9e-83e8b2a2c089','b2a95083-cb80-82b7-17b8-c194f838f7c6','e2d2c619-30ee-db66-962c-e868cb994e50','Fit extra sockets in office','Need two double sockets added to a home office, walls are plasterboard.','electrical','51 Meadow Way, Cardiff','Cardiff area','','gbp',51.48855,-3.21604,3,now() - interval '113 days',now() - interval '113 days'),
('77cedcf8-4fa1-0651-8deb-8fed1c3cc3af','9343ef5f-bc36-c2ba-4105-20bdc375e9bf',NULL,'Build raised beds','Would like two timber raised vegetable beds built and filled.','garden','16 Park Avenue, Oxford','Oxford area','','gbp',51.74906,-1.27669,0,now() - interval '24 days',now() - interval '24 days'),
('3bca1d9c-8371-2eed-d0aa-4c6381f0b93c','051bde50-785e-d62a-cf44-2217f2235532','080d852e-f972-47cb-3bf6-19988ff7b0ed','Replace bathroom toilet','Old toilet cracked at the base, need it removed and a new one fitted.','plumbing','65 Avenue de la Republique, Montpellier','Montpellier area','','eur',43.65513,3.87028,3,now() - interval '51 days',now() - interval '51 days'),
('199724ae-d630-2465-d124-b8a25c1b3879','9ed48791-f5c6-115f-ffa6-fb2291ffdede','0abb9f3a-ae65-6ead-99ba-9beb1388de1c','Hedge trimming','Long boundary hedge needs trimming down and shaping.','garden','47 Mill Lane, London','London area','','gbp',51.48416,-0.1579,3,now() - interval '68 days',now() - interval '68 days'),
('7aca022f-264e-0d04-4e18-3c318560fc37','051bde50-785e-d62a-cf44-2217f2235532','e24c34f8-11e2-e31a-14b3-bf790852e6bf','Hang shelves and pictures','Several shelves and framed pictures to be put up securely.','repairs','45 Rue de la Paix, Montpellier','Montpellier area','','eur',43.64842,3.88922,3,now() - interval '40 days',now() - interval '40 days'),
('71203dfe-fe97-7a08-9379-20655a7c8a4a','9343ef5f-bc36-c2ba-4105-20bdc375e9bf',NULL,'Wallpaper hallway','Hall, stairs and landing to be stripped and re-wallpapered.','painting','181 Queen Street, Oxford','Oxford area','','gbp',51.77345,-1.30963,0,now() - interval '55 days',now() - interval '55 days'),
('439a804e-24b1-1513-c374-19863d682566','36c20bcc-2810-3a25-6376-cf5dba6ff2db',NULL,'Replace consumer unit','Old fuse box needs upgrading to a modern consumer unit with RCDs.','electrical','29 Station Road, Sheffield','Sheffield area','','gbp',53.35587,-1.52176,0,now() - interval '47 days',now() - interval '47 days'),
('dfe77540-6232-0053-b935-0ec0febaf88b','1690926a-8bac-c03f-bea9-37663d16b452',NULL,'Oven deep clean','Oven and hob need a proper deep clean, lots of built-up grease.','cleaning','4 Impasse des Lilas, Marseille','Marseille area','','eur',43.27437,5.40214,0,now() - interval '47 days',now() - interval '47 days'),
('b5d69816-efa8-5305-bb88-0b2c09263d90','9ed48791-f5c6-115f-ffa6-fb2291ffdede',NULL,'Mount TV on wall','55-inch TV to be wall-mounted with cables tidied away.','repairs','178 High Street, London','London area','','gbp',51.51872,-0.08943,0,now() - interval '5 days',now() - interval '5 days'),
('df4443ca-ed2a-7152-22b1-bcefbd3b01be','6389b13b-6db4-d388-21e5-d8c10362b41d',NULL,'Leaking kitchen tap','The mixer tap under the kitchen drips constantly and needs replacing or resealing.','plumbing','64 Albert Road, Belfast','Belfast area','','gbp',54.5895,-5.91691,0,now() - interval '27 days',now() - interval '27 days'),
('c5ac0db8-559f-bbcb-9e06-546e5a22fc1b','36c20bcc-2810-3a25-6376-cf5dba6ff2db',NULL,'Repaint living room','Living room walls and ceiling need repainting, roughly 4m x 5m.','painting','196 Oak Close, Sheffield','Sheffield area','','gbp',53.38889,-1.41855,0,now() - interval '25 days',now() - interval '25 days'),
('f14a0ad4-7d33-03df-d32f-b393e73ca5a2','fc9f4202-f86d-c5b7-675d-d86243b54c7a',NULL,'Repaint living room','Living room walls and ceiling need repainting, roughly 4m x 5m.','painting','198 Rue de la Paix, Nantes','Nantes area','','eur',47.17546,-1.58637,0,now() - interval '19 days',now() - interval '19 days'),
('16297c7f-822a-320e-a049-583cbb2ee599','b2a95083-cb80-82b7-17b8-c194f838f7c6',NULL,'Boiler losing pressure','Combi boiler keeps dropping pressure every few days, needs looking at.','plumbing','113 Albert Road, Cardiff','Cardiff area','','gbp',51.47376,-3.17188,4,now() - interval '69 days',now() - interval '69 days'),
('d4ba0e74-4689-f493-06e1-0c554f833f5c','a2e2fd8a-8c57-8a5c-fcc4-f353211d3b2f',NULL,'Carpet cleaning','Living room and stairs carpets need a professional shampoo.','cleaning','202 Rue de la Paix, Reims','Reims area','','eur',49.25802,4.02444,0,now() - interval '27 days',now() - interval '27 days'),
('026f5179-6bfa-3876-d5e1-cc96dc8cdd98','d2a94ba2-b839-f691-54ee-274eba89ff88','5de0fb5b-3312-eca6-be46-8c268d2023eb','Hedge trimming','Long boundary hedge needs trimming down and shaping.','garden','136 Elm Drive, Bristol','Bristol area','','gbp',51.4391,-2.57701,3,now() - interval '91 days',now() - interval '91 days'),
('5061d78e-94ce-1e8f-5a4e-e2e5fa4359ef','663bdd42-3ca0-2a16-a342-608cef156e44','92bdcac2-0179-29e6-0a96-356a61f134ad','Paint two bedrooms','Two bedrooms need a fresh coat, walls only, neutral colours.','painting','50 Victoria Road, Leicester','Leicester area','','gbp',52.66468,-1.0995,1,now() - interval '46 days',now() - interval '46 days'),
('198cdd40-b9ce-22a3-0e8e-d700f7c4c3d4','93f6d534-f3af-d9d4-5c39-7b5890f76dd8',NULL,'Hedge trimming','Long boundary hedge needs trimming down and shaping.','garden','12 Church Lane, Reading','Reading area','','gbp',51.49782,-0.94952,0,now() - interval '53 days',now() - interval '53 days'),
('fb87a37f-6908-8190-d34d-350f421f199e','6389b13b-6db4-d388-21e5-d8c10362b41d',NULL,'Install new radiator','Want a new radiator fitted in the back bedroom, pipework already close by.','plumbing','9 Station Road, Belfast','Belfast area','','gbp',54.6017,-5.91468,0,now() - interval '46 days',now() - interval '46 days'),
('0d273bd9-3ef0-f9c5-7114-5e90bfbedb09','93f6d534-f3af-d9d4-5c39-7b5890f76dd8',NULL,'Replace consumer unit','Old fuse box needs upgrading to a modern consumer unit with RCDs.','electrical','122 Queen Street, Reading','Reading area','','gbp',51.46372,-0.93158,0,now() - interval '6 days',now() - interval '6 days'),
('f007695f-53fb-d80e-8c4d-5d8dcec2cd8c','93f6d534-f3af-d9d4-5c39-7b5890f76dd8',NULL,'Paint two bedrooms','Two bedrooms need a fresh coat, walls only, neutral colours.','painting','43 Mill Lane, Reading','Reading area','','gbp',51.47171,-0.93993,0,now() - interval '12 days',now() - interval '12 days'),
('67feba26-bfe9-fd86-5197-5fbb66c054f9','36c20bcc-2810-3a25-6376-cf5dba6ff2db','5ab395a6-6002-fb78-1949-19f881f1d1b5','Boiler losing pressure','Combi boiler keeps dropping pressure every few days, needs looking at.','plumbing','174 Manor Court, Sheffield','Sheffield area','','gbp',53.38569,-1.43675,1,now() - interval '18 days',now() - interval '18 days'),
('687f9e74-4859-59d1-72df-d7be1f48056a','36c20bcc-2810-3a25-6376-cf5dba6ff2db',NULL,'Overgrown garden tidy-up','Back garden is very overgrown, needs cutting back and clearing.','garden','140 Green Lane, Sheffield','Sheffield area','','gbp',53.37857,-1.42086,0,now() - interval '41 days',now() - interval '41 days'),
('f00344d8-cba5-d00a-1708-afd722812d25','051bde50-785e-d62a-cf44-2217f2235532','a021fc7c-e310-7b36-907c-96b02fb6b1f2','Overgrown garden tidy-up','Back garden is very overgrown, needs cutting back and clearing.','garden','161 Rue Nationale, Montpellier','Montpellier area','','eur',43.65367,3.86591,1,now() - interval '44 days',now() - interval '44 days'),
('d3c6504e-1ee7-6413-efcb-e7dbfc4539fd','9343ef5f-bc36-c2ba-4105-20bdc375e9bf','c0cd4b13-44ce-6f43-f23f-ac763f2020a1','Hedge trimming','Long boundary hedge needs trimming down and shaping.','garden','79 Manor Court, Oxford','Oxford area','','gbp',51.69788,-1.30659,1,now() - interval '38 days',now() - interval '38 days'),
('1f6a02fa-18c9-761d-afa5-3bc30f77cd60','d340c4b1-5327-c546-cce6-d09ce6c69355',NULL,'Blocked bathroom drain','Shower drains very slowly and water backs up. Needs clearing.','plumbing','70 Rue des Fleurs, Paris','Paris area','','eur',48.84492,2.3344,0,now() - interval '14 days',now() - interval '14 days'),
('8d5bb898-af05-f4a2-369e-4b68eb7724e3','d2a94ba2-b839-f691-54ee-274eba89ff88','c786325f-d715-c24c-cb22-f86cfaad6801','Boiler losing pressure','Combi boiler keeps dropping pressure every few days, needs looking at.','plumbing','110 Elm Drive, Bristol','Bristol area','','gbp',51.40889,-2.63877,3,now() - interval '112 days',now() - interval '112 days'),
('627cb403-7271-edea-9372-65650483a4aa','1690926a-8bac-c03f-bea9-37663d16b452',NULL,'Fix sticking door','Bedroom door sticks and won''t close properly, needs easing.','repairs','218 Avenue Victor Hugo, Marseille','Marseille area','','eur',43.29708,5.39395,0,now() - interval '10 days',now() - interval '10 days'),
('5492ed16-dbd2-986a-b7a9-a90fbf8e87dc','3651192b-4f2a-cbf1-768f-f41848cf5e97','2e14c135-9c41-db30-18d5-48b42bf2fb08','Faulty light circuit','Upstairs lights trip the breaker intermittently. Needs diagnosing.','electrical','167 Manor Court, Southampton','Southampton area','','gbp',50.9228,-1.43472,3,now() - interval '102 days',now() - interval '102 days'),
('85f5ae95-cf93-9f4b-2bc1-360a083e81e0','28e8ecbf-fb23-c87e-4f26-db53e5afd133','bdcb5611-67f5-e23e-fe09-56f4ec578b11','Oven deep clean','Oven and hob need a proper deep clean, lots of built-up grease.','cleaning','75 Meadow Way, Newcastle','Newcastle area','','gbp',54.92924,-1.60237,1,now() - interval '43 days',now() - interval '43 days'),
('35d761c4-5f31-b031-687f-fb0a952ba82d','36c20bcc-2810-3a25-6376-cf5dba6ff2db',NULL,'Build raised beds','Would like two timber raised vegetable beds built and filled.','garden','32 Mill Lane, Sheffield','Sheffield area','','gbp',53.38973,-1.49588,0,now() - interval '19 days',now() - interval '19 days'),
('af2d0ea8-57ea-145a-7699-125ca9aa304e','051bde50-785e-d62a-cf44-2217f2235532',NULL,'EV charger installation','Looking to have a home EV charger fitted on the driveway wall.','electrical','21 Allee des Tilleuls, Montpellier','Montpellier area','','eur',43.65241,3.82434,0,now() - interval '28 days',now() - interval '28 days'),
('c877b210-25db-9c24-7f59-8c20db7e89e1','23566950-18b3-9baf-e3fe-72532a79a802',NULL,'After-builders clean','Extension just finished, whole ground floor needs a builders clean.','cleaning','13 Oak Close, Cardiff','Cardiff area','','gbp',51.4413,-3.16473,0,now() - interval '38 days',now() - interval '38 days'),
('9d12aca9-c7c4-47a5-1dad-2b49fe12072d','9ed48791-f5c6-115f-ffa6-fb2291ffdede',NULL,'Mount TV on wall','55-inch TV to be wall-mounted with cables tidied away.','repairs','217 Victoria Road, London','London area','','gbp',51.49472,-0.16529,0,now() - interval '31 days',now() - interval '31 days'),
('e970aa61-ab54-c7f8-3130-eb76cb942587','9ed48791-f5c6-115f-ffa6-fb2291ffdede','635c2b1d-1000-b023-77cc-fbd66f733f4b','End of tenancy clean','Two-bed flat needs a full end-of-tenancy deep clean before handover.','cleaning','41 Oak Close, London','London area','','gbp',51.55615,-0.16146,1,now() - interval '40 days',now() - interval '40 days'),
('70e336e3-e4ac-3871-206f-78fc922a4442','1690926a-8bac-c03f-bea9-37663d16b452',NULL,'Fix sticking door','Bedroom door sticks and won''t close properly, needs easing.','repairs','69 Rue du Commerce, Marseille','Marseille area','','eur',43.25332,5.40737,0,now() - interval '30 days',now() - interval '30 days'),
('b48676a9-956b-038d-d72f-ecf6ae1a8b08','9ed48791-f5c6-115f-ffa6-fb2291ffdede',NULL,'Carpet cleaning','Living room and stairs carpets need a professional shampoo.','cleaning','195 Kings Road, London','London area','','gbp',51.52841,-0.10357,0,now() - interval '22 days',now() - interval '22 days'),
('f77aa2f0-ca0e-4058-c924-bbe6753fba2a','fe1dd47d-a64c-f947-15ef-569954cc453a',NULL,'Fence panel replacement','Three fence panels blew down and need replacing.','garden','172 Rue de la Gare, Nice','Nice area','','eur',43.74635,7.24202,0,now() - interval '46 days',now() - interval '46 days'),
('3992a3bb-c107-a4bd-f3dc-29e3ea50dbf3','1690926a-8bac-c03f-bea9-37663d16b452',NULL,'Hedge trimming','Long boundary hedge needs trimming down and shaping.','garden','114 Rue Pasteur, Marseille','Marseille area','','eur',43.26049,5.40711,0,now() - interval '12 days',now() - interval '12 days'),
('7862cf8d-c92d-7135-59d2-3873af2e4536','93f6d534-f3af-d9d4-5c39-7b5890f76dd8',NULL,'After-builders clean','Extension just finished, whole ground floor needs a builders clean.','cleaning','170 Park Avenue, Reading','Reading area','','gbp',51.47399,-0.94,0,now() - interval '5 days',now() - interval '5 days'),
('b86bf3dd-b154-3d50-15fc-08c2367683d5','d2a94ba2-b839-f691-54ee-274eba89ff88',NULL,'EV charger installation','Looking to have a home EV charger fitted on the driveway wall.','electrical','196 Park Avenue, Bristol','Bristol area','','gbp',51.47683,-2.55505,0,now() - interval '31 days',now() - interval '31 days'),
('5538ea80-52dd-6e5d-2d7a-0cd7d3f7a186','93f6d534-f3af-d9d4-5c39-7b5890f76dd8',NULL,'Fence panel replacement','Three fence panels blew down and need replacing.','garden','49 Kings Road, Reading','Reading area','','gbp',51.41233,-1.0317,0,now() - interval '24 days',now() - interval '24 days'),
('65f5036d-0d97-a3ce-69b9-f18a6bd9c65a','051bde50-785e-d62a-cf44-2217f2235532','54143dc4-67da-21c4-eacb-72b9fa4f6c7e','Carpet cleaning','Living room and stairs carpets need a professional shampoo.','cleaning','53 Allee des Tilleuls, Montpellier','Montpellier area','','eur',43.569,3.88496,3,now() - interval '103 days',now() - interval '103 days'),
('c8372978-1344-8554-3228-37b43d4a6674','9ed48791-f5c6-115f-ffa6-fb2291ffdede',NULL,'Kitchen cabinet respray','Would like the kitchen units resprayed rather than replaced.','painting','170 Springfield Road, London','London area','','gbp',51.4835,-0.10292,0,now() - interval '12 days',now() - interval '12 days'),
('c3261f4c-6b79-a870-236f-560dc7bbfe8f','23566950-18b3-9baf-e3fe-72532a79a802',NULL,'Blocked bathroom drain','Shower drains very slowly and water backs up. Needs clearing.','plumbing','209 High Street, Cardiff','Cardiff area','','gbp',51.43394,-3.14374,0,now() - interval '45 days',now() - interval '45 days'),
('6b7b1162-57d5-b61f-da1b-abe277aea2ec','9343ef5f-bc36-c2ba-4105-20bdc375e9bf',NULL,'Paint two bedrooms','Two bedrooms need a fresh coat, walls only, neutral colours.','painting','180 Meadow Way, Oxford','Oxford area','','gbp',51.73749,-1.26983,0,now() - interval '10 days',now() - interval '10 days'),
('b48a5501-f1d5-2380-0c7b-b6e1ca7178fc','3651192b-4f2a-cbf1-768f-f41848cf5e97',NULL,'Paint exterior front door','Front door and frame need sanding and repainting in a dark blue.','painting','172 Kings Road, Southampton','Southampton area','','gbp',50.94219,-1.3811,0,now() - interval '42 days',now() - interval '42 days'),
('75dc8ab2-e40c-1ee5-ea3e-808a8defced1','b2a95083-cb80-82b7-17b8-c194f838f7c6',NULL,'Replace consumer unit','Old fuse box needs upgrading to a modern consumer unit with RCDs.','electrical','96 Mill Lane, Cardiff','Cardiff area','','gbp',51.46651,-3.12659,0,now() - interval '14 days',now() - interval '14 days'),
('31cb126b-fc44-bd06-78cf-469af87211f4','36c20bcc-2810-3a25-6376-cf5dba6ff2db',NULL,'Mount TV on wall','55-inch TV to be wall-mounted with cables tidied away.','repairs','39 Green Lane, Sheffield','Sheffield area','','gbp',53.38207,-1.49447,0,now() - interval '20 days',now() - interval '20 days'),
('1db6bedd-1f39-745e-336e-b623204a7a6e','7e7704e6-83d8-4c65-796e-020d97ab834f',NULL,'Fix sticking door','Bedroom door sticks and won''t close properly, needs easing.','repairs','133 Church Lane, Cambridge','Cambridge area','','gbp',52.23362,0.15719,0,now() - interval '27 days',now() - interval '27 days'),
('abb50f33-20ea-9e64-38a1-259a12792024','9343ef5f-bc36-c2ba-4105-20bdc375e9bf','8506d4c5-49df-e72a-ef3b-f17472d3828e','End of tenancy clean','Two-bed flat needs a full end-of-tenancy deep clean before handover.','cleaning','119 Elm Drive, Oxford','Oxford area','','gbp',51.79682,-1.23707,1,now() - interval '7 days',now() - interval '7 days'),
('cdfb3ffe-a515-5111-875a-cb6d758d52c5','f5bfffe6-e9d0-4d85-706b-d858c7e6d7aa','7fc49696-6332-8f0a-232f-be9573db3549','Paint two bedrooms','Two bedrooms need a fresh coat, walls only, neutral colours.','painting','197 Green Lane, Bristol','Bristol area','','gbp',51.49453,-2.6365,1,now() - interval '1 days',now() - interval '1 days'),
('8ed1600a-9317-8bd9-5fb1-3b33b3af67d7','d340c4b1-5327-c546-cce6-d09ce6c69355',NULL,'Carpet cleaning','Living room and stairs carpets need a professional shampoo.','cleaning','159 Boulevard Saint-Michel, Paris','Paris area','','eur',48.89368,2.34725,0,now() - interval '36 days',now() - interval '36 days'),
('00dfbe18-90d4-2a6a-b3ae-c8f1f5f3badb','0c1e407e-6a9c-681a-6a91-f3a5ecfb256d',NULL,'Kitchen cabinet respray','Would like the kitchen units resprayed rather than replaced.','painting','167 Rue de la Paix, Rouen','Rouen area','','eur',49.48293,1.13819,0,now() - interval '50 days',now() - interval '50 days'),
('3cda11ac-6dd9-2f6a-2522-58e56b4eaefd','b2a95083-cb80-82b7-17b8-c194f838f7c6','3f29fba3-fa98-9361-ca1c-36c80d3b5538','Build raised beds','Would like two timber raised vegetable beds built and filled.','garden','97 Queen Street, Cardiff','Cardiff area','','gbp',51.42748,-3.13222,1,now() - interval '23 days',now() - interval '23 days'),
('8f1417ea-32ce-2da9-5113-fdd52c9b277d','b57f784c-86b6-c5a9-4e72-fcb11287a94f',NULL,'Oven deep clean','Oven and hob need a proper deep clean, lots of built-up grease.','cleaning','116 Rue de la Gare, Marseille','Marseille area','','eur',43.24537,5.40768,0,now() - interval '46 days',now() - interval '46 days'),
('37ca0e84-a9e7-cc52-78a9-8f3e56221d5a','36c20bcc-2810-3a25-6376-cf5dba6ff2db',NULL,'Repaint living room','Living room walls and ceiling need repainting, roughly 4m x 5m.','painting','215 Park Avenue, Sheffield','Sheffield area','','gbp',53.43455,-1.50603,0,now() - interval '15 days',now() - interval '15 days'),
('dd3d24c9-a16b-ab56-6cdb-39436d999e4f','ad974db2-b2f0-b62d-8aba-559788087dfe',NULL,'Flat-pack furniture assembly','A wardrobe and chest of drawers need assembling.','repairs','101 Avenue Victor Hugo, Grenoble','Grenoble area','','eur',45.14665,5.72644,0,now() - interval '44 days',now() - interval '44 days'),
('ddce731a-dd20-5aae-1edc-7ac1676e3e48','fe1dd47d-a64c-f947-15ef-569954cc453a',NULL,'Replace bathroom toilet','Old toilet cracked at the base, need it removed and a new one fitted.','plumbing','176 Impasse des Lilas, Nice','Nice area','','eur',43.74983,7.30517,0,now() - interval '40 days',now() - interval '40 days'),
('257f5894-03bd-d7cf-1456-9cbe74676287','9343ef5f-bc36-c2ba-4105-20bdc375e9bf',NULL,'Oven deep clean','Oven and hob need a proper deep clean, lots of built-up grease.','cleaning','101 Mill Lane, Oxford','Oxford area','','gbp',51.77731,-1.27715,0,now() - interval '45 days',now() - interval '45 days'),
('cee7c60e-eae6-ec29-aeea-e17c21ea1b05','17ac6d0d-4222-ba16-14cb-14cf6368b3b5',NULL,'Wallpaper hallway','Hall, stairs and landing to be stripped and re-wallpapered.','painting','7 Impasse des Lilas, Toulon','Toulon area','','eur',43.07612,5.93959,0,now() - interval '13 days',now() - interval '13 days'),
('56adae39-1a66-e526-1dd7-147bb1355d13','663bdd42-3ca0-2a16-a342-608cef156e44',NULL,'Replace consumer unit','Old fuse box needs upgrading to a modern consumer unit with RCDs.','electrical','69 Albert Road, Leicester','Leicester area','','gbp',52.66831,-1.10241,0,now() - interval '29 days',now() - interval '29 days'),
('8aa258a6-6983-fb99-229e-40170a0a0afc','a2e2fd8a-8c57-8a5c-fcc4-f353211d3b2f',NULL,'Boiler losing pressure','Combi boiler keeps dropping pressure every few days, needs looking at.','plumbing','90 Rue de la Paix, Reims','Reims area','','eur',49.31264,3.99674,0,now() - interval '47 days',now() - interval '47 days'),
('88cf4a70-b264-d56b-5074-d006424ec6bf','fc9f4202-f86d-c5b7-675d-d86243b54c7a',NULL,'Weekly house clean','Looking for a regular weekly clean of a three-bed house.','cleaning','50 Rue du Commerce, Nantes','Nantes area','','eur',47.20219,-1.56246,0,now() - interval '11 days',now() - interval '11 days'),
('81f22535-7796-3630-6547-2ce9acc937b4','7e7704e6-83d8-4c65-796e-020d97ab834f',NULL,'Repair garden gate','Side gate is dropping and the latch no longer catches.','repairs','140 Queen Street, Cambridge','Cambridge area','','gbp',52.21887,0.09057,0,now() - interval '42 days',now() - interval '42 days'),
('abe5e2d4-6f9c-c0c2-c033-227b03ebd830','d340c4b1-5327-c546-cce6-d09ce6c69355',NULL,'Paint exterior front door','Front door and frame need sanding and repainting in a dark blue.','painting','186 Impasse des Lilas, Paris','Paris area','','eur',48.83041,2.30733,0,now() - interval '18 days',now() - interval '18 days'),
('f3fec241-3003-129b-1034-5995ce19b054','051bde50-785e-d62a-cf44-2217f2235532',NULL,'Kitchen cabinet respray','Would like the kitchen units resprayed rather than replaced.','painting','166 Rue des Fleurs, Montpellier','Montpellier area','','eur',43.65014,3.87273,0,now() - interval '52 days',now() - interval '52 days'),
('87295ae4-6eeb-2615-fec4-eb9917a93f92','d340c4b1-5327-c546-cce6-d09ce6c69355','3ad69b6f-41ad-f7be-e086-948e6af62b68','Fence panel replacement','Three fence panels blew down and need replacing.','garden','181 Rue Nationale, Paris','Paris area','','eur',48.87879,2.31369,3,now() - interval '73 days',now() - interval '73 days'),
('1a138948-33e8-4829-69b9-3fc26fabef6d','1690926a-8bac-c03f-bea9-37663d16b452',NULL,'Paint exterior front door','Front door and frame need sanding and repainting in a dark blue.','painting','100 Allee des Tilleuls, Marseille','Marseille area','','eur',43.28861,5.31717,0,now() - interval '40 days',now() - interval '40 days'),
('09436fe5-3d2b-ae73-01ac-2da0d48a6381','fc9f4202-f86d-c5b7-675d-d86243b54c7a','5502fb5c-bc1e-2e36-cedc-f7c88606ca95','Outdoor lighting install','Want two security lights fitted at the front and back of the house.','electrical','218 Rue Nationale, Nantes','Nantes area','','eur',47.23137,-1.56109,1,now() - interval '51 days',now() - interval '51 days'),
('c597fbe6-16cc-50dd-3a4b-e1010aac6af2','9ed48791-f5c6-115f-ffa6-fb2291ffdede','1d4d68d4-c374-7ac2-eaab-ea7f1fa93b14','Boiler losing pressure','Combi boiler keeps dropping pressure every few days, needs looking at.','plumbing','93 Park Avenue, London','London area','','gbp',51.50634,-0.12875,1,now() - interval '45 days',now() - interval '45 days'),
('a2a6bcfa-698b-0b2f-82a7-d4a0ed78bf50','fc9f4202-f86d-c5b7-675d-d86243b54c7a','09c77cdd-bce3-89e7-4209-fa08a3192a65','Fix sticking door','Bedroom door sticks and won''t close properly, needs easing.','repairs','42 Avenue Victor Hugo, Nantes','Nantes area','','eur',47.24261,-1.55662,3,now() - interval '98 days',now() - interval '98 days'),
('5400d282-4768-e850-cd2a-ac0fca3bc053','051bde50-785e-d62a-cf44-2217f2235532',NULL,'EV charger installation','Looking to have a home EV charger fitted on the driveway wall.','electrical','119 Rue des Fleurs, Montpellier','Montpellier area','','eur',43.59635,3.90051,0,now() - interval '40 days',now() - interval '40 days'),
('b2dfd314-777e-82ca-5f58-5d13e4a05e4b','d340c4b1-5327-c546-cce6-d09ce6c69355',NULL,'Weekly house clean','Looking for a regular weekly clean of a three-bed house.','cleaning','127 Rue Pasteur, Paris','Paris area','','eur',48.90014,2.35277,0,now() - interval '5 days',now() - interval '5 days'),
('81735cbd-6560-0edb-e163-25d7b44080df','6389b13b-6db4-d388-21e5-d8c10362b41d','2cd021c5-23c8-9e04-e2d1-9936be9e410a','Lawn mowing service','Front and back lawns need regular fortnightly mowing over summer.','garden','217 Green Lane, Belfast','Belfast area','','gbp',54.5642,-5.88067,3,now() - interval '83 days',now() - interval '83 days'),
('5e24a5d1-9650-bbf5-72d8-e702c7a05942','23566950-18b3-9baf-e3fe-72532a79a802',NULL,'Replace bathroom toilet','Old toilet cracked at the base, need it removed and a new one fitted.','plumbing','49 Queen Street, Cardiff','Cardiff area','','gbp',51.46884,-3.20785,0,now() - interval '48 days',now() - interval '48 days'),
('c6c990ca-5a9b-fac9-b1b7-c1d039b4c1b8','36c20bcc-2810-3a25-6376-cf5dba6ff2db','1cd61986-4dce-115f-d1b2-e8706180fb43','Overgrown garden tidy-up','Back garden is very overgrown, needs cutting back and clearing.','garden','40 Elm Drive, Sheffield','Sheffield area','','gbp',53.3385,-1.49172,3,now() - interval '58 days',now() - interval '58 days'),
('1acf0ca6-cef3-9548-d599-1bcef759d1b9','3651192b-4f2a-cbf1-768f-f41848cf5e97','9cbd36f3-4c80-3ab0-8250-b9b6b9801023','Hang shelves and pictures','Several shelves and framed pictures to be put up securely.','repairs','8 Station Road, Southampton','Southampton area','','gbp',50.86132,-1.44353,3,now() - interval '65 days',now() - interval '65 days'),
('62a2fe73-fc64-ff55-229a-8ddc64ddcb84','f5bfffe6-e9d0-4d85-706b-d858c7e6d7aa','841c3f77-356a-1eb8-f68d-08e8bcdb971e','Paint two bedrooms','Two bedrooms need a fresh coat, walls only, neutral colours.','painting','113 Manor Court, Bristol','Bristol area','','gbp',51.43631,-2.61491,3,now() - interval '93 days',now() - interval '93 days'),
('2da05350-390f-540e-cd28-1e697ded7de4','fe1dd47d-a64c-f947-15ef-569954cc453a',NULL,'Repaint living room','Living room walls and ceiling need repainting, roughly 4m x 5m.','painting','140 Avenue de la Republique, Nice','Nice area','','eur',43.73912,7.25288,4,now() - interval '77 days',now() - interval '77 days'),
('90989dca-5576-46d0-7ec1-e2a600013a04','0c1e407e-6a9c-681a-6a91-f3a5ecfb256d',NULL,'Leaking kitchen tap','The mixer tap under the kitchen drips constantly and needs replacing or resealing.','plumbing','108 Allee des Tilleuls, Rouen','Rouen area','','eur',49.3924,1.15271,0,now() - interval '39 days',now() - interval '39 days'),
('ef5d7c5d-8ad6-d336-e8aa-95bc86d38a02','9ed48791-f5c6-115f-ffa6-fb2291ffdede','dfbfc66f-5e8e-8fe2-7faa-52eda8231d06','Kitchen cabinet respray','Would like the kitchen units resprayed rather than replaced.','painting','11 Oak Close, London','London area','','gbp',51.55794,-0.16751,3,now() - interval '109 days',now() - interval '109 days'),
('965c3688-8313-44eb-881f-0cd9eb3db677','1690926a-8bac-c03f-bea9-37663d16b452',NULL,'Fence panel replacement','Three fence panels blew down and need replacing.','garden','22 Avenue de la Republique, Marseille','Marseille area','','eur',43.24582,5.37552,0,now() - interval '44 days',now() - interval '44 days'),
('16fb246c-efbb-10f1-1db9-7b4270130a92','23566950-18b3-9baf-e3fe-72532a79a802',NULL,'Repaint living room','Living room walls and ceiling need repainting, roughly 4m x 5m.','painting','218 Station Road, Cardiff','Cardiff area','','gbp',51.44475,-3.13306,0,now() - interval '16 days',now() - interval '16 days'),
('086ff0a3-c2d5-a4cd-dcd9-e028f55e8c2e','1690926a-8bac-c03f-bea9-37663d16b452',NULL,'Hedge trimming','Long boundary hedge needs trimming down and shaping.','garden','41 Impasse des Lilas, Marseille','Marseille area','','eur',43.28885,5.32607,0,now() - interval '32 days',now() - interval '32 days'),
('27924aaf-6850-cc15-efcd-f0a1f49d41dd','f5bfffe6-e9d0-4d85-706b-d858c7e6d7aa',NULL,'Replace consumer unit','Old fuse box needs upgrading to a modern consumer unit with RCDs.','electrical','160 Victoria Road, Bristol','Bristol area','','gbp',51.47954,-2.62508,0,now() - interval '30 days',now() - interval '30 days'),
('07bb2c37-eb71-3036-3a6c-1c168ac7c170','28e8ecbf-fb23-c87e-4f26-db53e5afd133','5c089f44-6ba6-b26a-f006-22487fbb7377','Hedge trimming','Long boundary hedge needs trimming down and shaping.','garden','14 Park Avenue, Newcastle','Newcastle area','','gbp',55.01642,-1.59349,1,now() - interval '4 days',now() - interval '4 days'),
('4e2c0f3a-1fd0-4995-2a10-a9bc37d1ea65','28e8ecbf-fb23-c87e-4f26-db53e5afd133','8d6472f6-3f19-ee26-8a0d-40ca7daa805e','Replace consumer unit','Old fuse box needs upgrading to a modern consumer unit with RCDs.','electrical','61 Elm Drive, Newcastle','Newcastle area','','gbp',54.93943,-1.62162,1,now() - interval '7 days',now() - interval '7 days'),
('d150697c-2cce-e614-f382-b71b281c59b1','0c1e407e-6a9c-681a-6a91-f3a5ecfb256d',NULL,'Wallpaper hallway','Hall, stairs and landing to be stripped and re-wallpapered.','painting','192 Rue Gambetta, Rouen','Rouen area','','eur',49.43882,1.10587,0,now() - interval '3 days',now() - interval '3 days'),
('e880558d-de4e-431e-21e2-b43dfc0a5494','36c20bcc-2810-3a25-6376-cf5dba6ff2db',NULL,'Boiler losing pressure','Combi boiler keeps dropping pressure every few days, needs looking at.','plumbing','194 Albert Road, Sheffield','Sheffield area','','gbp',53.41532,-1.45397,0,now() - interval '31 days',now() - interval '31 days'),
('78ef9eb0-c3d4-8a49-783d-382838b05e2d','6389b13b-6db4-d388-21e5-d8c10362b41d',NULL,'Fix sticking door','Bedroom door sticks and won''t close properly, needs easing.','repairs','32 Green Lane, Belfast','Belfast area','','gbp',54.57256,-5.92179,0,now() - interval '8 days',now() - interval '8 days'),
('2777da40-3ca8-d799-64d8-92bf878de67f','663bdd42-3ca0-2a16-a342-608cef156e44','ffed6c60-aa1c-52c6-ca8d-19eb6cf7fa0f','Replace bathroom toilet','Old toilet cracked at the base, need it removed and a new one fitted.','plumbing','73 Oak Close, Leicester','Leicester area','','gbp',52.67869,-1.10981,3,now() - interval '81 days',now() - interval '81 days'),
('d9cba57d-671d-4c0f-2320-8a159ef62a5b','fe1dd47d-a64c-f947-15ef-569954cc453a',NULL,'Replace bathroom toilet','Old toilet cracked at the base, need it removed and a new one fitted.','plumbing','104 Allee des Tilleuls, Nice','Nice area','','eur',43.71956,7.2663,0,now() - interval '7 days',now() - interval '7 days'),
('4e3ebfdb-148c-907b-70cd-6e4b5d4dadd7','d340c4b1-5327-c546-cce6-d09ce6c69355',NULL,'Repaint living room','Living room walls and ceiling need repainting, roughly 4m x 5m.','painting','75 Impasse des Lilas, Paris','Paris area','','eur',48.89031,2.29964,0,now() - interval '35 days',now() - interval '35 days'),
('14b95dce-9f95-b369-05a0-889793c78fd7','28e8ecbf-fb23-c87e-4f26-db53e5afd133',NULL,'Repaint living room','Living room walls and ceiling need repainting, roughly 4m x 5m.','painting','50 Oak Close, Newcastle','Newcastle area','','gbp',54.9982,-1.58721,0,now() - interval '23 days',now() - interval '23 days'),
('9d694356-198a-ad48-966b-21ebcad7ccf6','23566950-18b3-9baf-e3fe-72532a79a802','dc7f48c0-9625-cff8-3ed0-22ce40435cbc','After-builders clean','Extension just finished, whole ground floor needs a builders clean.','cleaning','166 Green Lane, Cardiff','Cardiff area','','gbp',51.43055,-3.23191,3,now() - interval '107 days',now() - interval '107 days'),
('9ecc8583-f156-31cd-a0d0-157102eba49f','d2a94ba2-b839-f691-54ee-274eba89ff88',NULL,'Paint exterior front door','Front door and frame need sanding and repainting in a dark blue.','painting','87 Park Avenue, Bristol','Bristol area','','gbp',51.46282,-2.54495,0,now() - interval '9 days',now() - interval '9 days'),
('2f262ebc-3116-8b2a-3d54-b898a5737d15','3651192b-4f2a-cbf1-768f-f41848cf5e97','ddb36493-842a-9715-ff57-e013d912d964','Leaking kitchen tap','The mixer tap under the kitchen drips constantly and needs replacing or resealing.','plumbing','160 Elm Drive, Southampton','Southampton area','','gbp',50.90478,-1.39836,1,now() - interval '55 days',now() - interval '55 days'),
('942f3d1a-edfd-89d1-1ca4-a7062f913a61','b57f784c-86b6-c5a9-4e72-fcb11287a94f','91bb9dea-9dd9-b9bf-98e3-4da25a90e07d','Boiler losing pressure','Combi boiler keeps dropping pressure every few days, needs looking at.','plumbing','211 Rue Nationale, Marseille','Marseille area','','eur',43.31691,5.34745,3,now() - interval '114 days',now() - interval '114 days'),
('58b5994b-c845-705b-406d-ebd274237ab1','b2a95083-cb80-82b7-17b8-c194f838f7c6',NULL,'End of tenancy clean','Two-bed flat needs a full end-of-tenancy deep clean before handover.','cleaning','182 Mill Lane, Cardiff','Cardiff area','','gbp',51.4946,-3.20445,0,now() - interval '11 days',now() - interval '11 days'),
('9199cf2c-fdbe-8175-361c-0cf421be9610','36c20bcc-2810-3a25-6376-cf5dba6ff2db','55708f92-e726-3437-9e02-04b947a37d3b','Faulty light circuit','Upstairs lights trip the breaker intermittently. Needs diagnosing.','electrical','98 Oak Close, Sheffield','Sheffield area','','gbp',53.41236,-1.48153,1,now() - interval '53 days',now() - interval '53 days'),
('1323aea8-6fa9-45d0-21cd-074f0729a5f2','051bde50-785e-d62a-cf44-2217f2235532','71c594a7-a625-9b74-62fa-a24ee3a7f5f1','Leaking kitchen tap','The mixer tap under the kitchen drips constantly and needs replacing or resealing.','plumbing','31 Rue des Fleurs, Montpellier','Montpellier area','','eur',43.65408,3.83153,3,now() - interval '104 days',now() - interval '104 days'),
('8bf7022f-b5dd-6a1e-bc58-21e44b091706','36c20bcc-2810-3a25-6376-cf5dba6ff2db',NULL,'Hedge trimming','Long boundary hedge needs trimming down and shaping.','garden','117 Mill Lane, Sheffield','Sheffield area','','gbp',53.34026,-1.44815,0,now() - interval '25 days',now() - interval '25 days'),
('d4e13304-fc44-8e36-2e80-0015bdcc62a9','b57f784c-86b6-c5a9-4e72-fcb11287a94f',NULL,'Flat-pack furniture assembly','A wardrobe and chest of drawers need assembling.','repairs','94 Rue du Commerce, Marseille','Marseille area','','eur',43.27265,5.42411,0,now() - interval '18 days',now() - interval '18 days'),
('a2428568-a511-686c-00d2-304ea90de64b','fc9f4202-f86d-c5b7-675d-d86243b54c7a','91d3687a-4051-a2ca-6217-7a173ef69cfd','Build raised beds','Would like two timber raised vegetable beds built and filled.','garden','119 Rue Gambetta, Nantes','Nantes area','','eur',47.26317,-1.53551,3,now() - interval '72 days',now() - interval '72 days'),
('a57523e0-8640-60f4-45b8-97acfa3d179b','d2a94ba2-b839-f691-54ee-274eba89ff88','101299bc-aadc-6dad-4856-092db926b643','Build raised beds','Would like two timber raised vegetable beds built and filled.','garden','15 Mill Lane, Bristol','Bristol area','','gbp',51.4786,-2.63388,1,now() - interval '41 days',now() - interval '41 days'),
('3650bd08-4e0b-8986-01e5-8cc581c8b414','f5bfffe6-e9d0-4d85-706b-d858c7e6d7aa',NULL,'Leaking kitchen tap','The mixer tap under the kitchen drips constantly and needs replacing or resealing.','plumbing','38 Springfield Road, Bristol','Bristol area','','gbp',51.40506,-2.61819,4,now() - interval '33 days',now() - interval '33 days'),
('1464c5b1-d95f-d484-8240-6ad4221cf6b8','3651192b-4f2a-cbf1-768f-f41848cf5e97','3cfb9661-51ab-6f7d-3e31-8caf0a077b86','Hedge trimming','Long boundary hedge needs trimming down and shaping.','garden','66 Albert Road, Southampton','Southampton area','','gbp',50.9165,-1.40838,3,now() - interval '67 days',now() - interval '67 days'),
('05e66141-4faf-909d-d75f-7ea92b2e8a0d','9ed48791-f5c6-115f-ffa6-fb2291ffdede','14dbc36d-0ed0-df6b-5add-7e1a47316773','Leaking kitchen tap','The mixer tap under the kitchen drips constantly and needs replacing or resealing.','plumbing','11 Church Lane, London','London area','','gbp',51.45618,-0.16077,1,now() - interval '12 days',now() - interval '12 days'),
('d8aeb9f8-8f0c-0d9d-49b6-8475848c06f5','36c20bcc-2810-3a25-6376-cf5dba6ff2db','a7d30f68-4e6a-5514-41d5-b8d30001a064','Blocked bathroom drain','Shower drains very slowly and water backs up. Needs clearing.','plumbing','32 Queen Street, Sheffield','Sheffield area','','gbp',53.4105,-1.5066,1,now() - interval '11 days',now() - interval '11 days'),
('81fceed2-7b69-a7a7-11e4-3088433f19b2','ad974db2-b2f0-b62d-8aba-559788087dfe','c90f4c43-7e0e-7622-83f0-095f3f123472','Outdoor lighting install','Want two security lights fitted at the front and back of the house.','electrical','158 Rue Gambetta, Grenoble','Grenoble area','','eur',45.16432,5.70448,3,now() - interval '43 days',now() - interval '43 days'),
('699c1603-d18a-4f46-595b-62dc123c0cf1','663bdd42-3ca0-2a16-a342-608cef156e44','7475413a-521c-8b34-8afd-b196340d32c4','Paint two bedrooms','Two bedrooms need a fresh coat, walls only, neutral colours.','painting','209 Green Lane, Leicester','Leicester area','','gbp',52.61417,-1.17949,3,now() - interval '107 days',now() - interval '107 days'),
('b39bfdce-1858-c4ef-cd91-94cbd21aa8a3','36c20bcc-2810-3a25-6376-cf5dba6ff2db','ac8ba550-fad5-0641-296d-4df74b39307f','Blocked bathroom drain','Shower drains very slowly and water backs up. Needs clearing.','plumbing','195 Meadow Way, Sheffield','Sheffield area','','gbp',53.36101,-1.47383,1,now() - interval '27 days',now() - interval '27 days'),
('72fe8f7d-3b2a-af3a-110a-5bde24e6e9a4','7e7704e6-83d8-4c65-796e-020d97ab834f','4bf6f6f4-0170-393d-4f34-d867db97f476','Oven deep clean','Oven and hob need a proper deep clean, lots of built-up grease.','cleaning','100 Albert Road, Cambridge','Cambridge area','','gbp',52.19331,0.0792,1,now() - interval '34 days',now() - interval '34 days'),
('9278d37e-bf14-0cc6-9b25-0016830d147f','23566950-18b3-9baf-e3fe-72532a79a802','31c20037-92cf-d101-9d0c-7c51acd2a7a4','Hang shelves and pictures','Several shelves and framed pictures to be put up securely.','repairs','23 Meadow Way, Cardiff','Cardiff area','','gbp',51.52505,-3.15954,1,now() - interval '15 days',now() - interval '15 days');

INSERT INTO quotes ("QuoteId", "ProfessionalId", "JobId", "Description", "Price", "CreatedAt") VALUES
('1160317d-fb32-9a76-218e-072f972bc851','27ac788e-d014-903b-a552-ade009e535fd','fe7f7740-e0d1-fac9-7b79-84173be41474','This covers a full visit and all parts needed.',150.00,now() - interval '65 days'),
('fc0cd7bf-fe5a-5fb7-a026-1511e714ce48','78486db6-4558-baf0-dd97-39be046ed3ba','5ce2cbd9-1c3c-4163-89b2-a9cbed067762','Firm quote based on the description; can confirm on site.',175.00,now() - interval '17 days'),
('a626a38d-280c-efbc-cc76-a6571c36992a','d3977501-9f0c-4a98-64a5-e99112287332','5ce2cbd9-1c3c-4163-89b2-a9cbed067762','Firm quote based on the description; can confirm on site.',500.00,now() - interval '37 days'),
('421dbd01-aab5-eb64-24f1-5a2ab9c626d0','06aaf1f9-4858-3c1d-e8f4-81b03080b3f7','5ce2cbd9-1c3c-4163-89b2-a9cbed067762','This covers a full visit and all parts needed.',630.00,now() - interval '10 days'),
('ddb91d97-caf8-05b3-0a53-6e7dfacabe42','b9684ad2-9ed0-6bf7-a5ee-fc3797b0fec8','5ce2cbd9-1c3c-4163-89b2-a9cbed067762','This covers a full visit and all parts needed.',730.00,now() - interval '24 days'),
('e9c30c63-cdc6-6583-eaef-2b9a454af831','3f2609c7-ed4e-f514-0767-6783a39d3d1d','39ee5372-6e88-d763-48a8-07434029b8de','This covers a full visit and all parts needed.',155.00,now() - interval '0 days'),
('15647ae5-bedd-3928-0be3-09cb46edeef2','00c35863-9938-381f-6de8-6716d1a72be5','39ee5372-6e88-d763-48a8-07434029b8de','Happy to take this on, price includes labour and materials.',140.00,now() - interval '3 days'),
('c07e9721-b362-4c52-bb25-5fdcbc1321d8','9cfe229c-80d0-bcc3-57b6-07a09c2804a1','cd768449-a602-cc80-8bf5-43f9032c7c62','This covers a full visit and all parts needed.',215.00,now() - interval '49 days'),
('73a39297-ea14-2413-0b3f-ce485076bc23','3f2609c7-ed4e-f514-0767-6783a39d3d1d','cd768449-a602-cc80-8bf5-43f9032c7c62','This covers a full visit and all parts needed.',310.00,now() - interval '38 days'),
('c1c47302-26ed-06da-8951-e2565dbb2d27','fa87243e-faac-6b21-27e7-34bbb73cfc26','cf82db14-3439-45f8-000a-36ab574df2bc','This covers a full visit and all parts needed.',85.00,now() - interval '42 days'),
('0962ff97-ee29-c2ff-74b9-3af1ee34287f','b9684ad2-9ed0-6bf7-a5ee-fc3797b0fec8','cf82db14-3439-45f8-000a-36ab574df2bc','This covers a full visit and all parts needed.',320.00,now() - interval '37 days'),
('45aa976f-3a10-9102-8632-c1eb47c13dc1','2d9ea313-fbe6-cd34-e469-150e555b54e9','cf82db14-3439-45f8-000a-36ab574df2bc','This covers a full visit and all parts needed.',600.00,now() - interval '6 days'),
('a8bbecd4-8bdd-3b40-7ea9-29d0e244b9b7','00c35863-9938-381f-6de8-6716d1a72be5','5a91458c-4bec-b2e9-0f9e-83e8b2a2c089','This covers a full visit and all parts needed.',690.00,now() - interval '74 days'),
('e2d2c619-30ee-db66-962c-e868cb994e50','8b447284-c32b-9eb6-074d-38e6a4091e64','5a91458c-4bec-b2e9-0f9e-83e8b2a2c089','This covers a full visit and all parts needed.',705.00,now() - interval '49 days'),
('023ca809-4a83-4680-015e-ab5288bc4def','06aaf1f9-4858-3c1d-e8f4-81b03080b3f7','5a91458c-4bec-b2e9-0f9e-83e8b2a2c089','Happy to take this on, price includes labour and materials.',680.00,now() - interval '36 days'),
('080d852e-f972-47cb-3bf6-19988ff7b0ed','8b447284-c32b-9eb6-074d-38e6a4091e64','3bca1d9c-8371-2eed-d0aa-4c6381f0b93c','Happy to take this on, price includes labour and materials.',755.00,now() - interval '37 days'),
('a4e97a27-141a-63fe-1960-f8f99d694334','789be1aa-4d28-1b70-1af5-00792bad1236','3bca1d9c-8371-2eed-d0aa-4c6381f0b93c','Firm quote based on the description; can confirm on site.',525.00,now() - interval '39 days'),
('0abb9f3a-ae65-6ead-99ba-9beb1388de1c','eb3627bd-d7a5-a69d-2046-5c164954ac0a','199724ae-d630-2465-d124-b8a25c1b3879','Happy to take this on, price includes labour and materials.',495.00,now() - interval '52 days'),
('e24c34f8-11e2-e31a-14b3-bf790852e6bf','b9684ad2-9ed0-6bf7-a5ee-fc3797b0fec8','7aca022f-264e-0d04-4e18-3c318560fc37','This covers a full visit and all parts needed.',80.00,now() - interval '26 days'),
('9cfe360a-f009-d7b2-3c6f-718b13adb4dd','27ac788e-d014-903b-a552-ade009e535fd','dfe77540-6232-0053-b935-0ec0febaf88b','Firm quote based on the description; can confirm on site.',590.00,now() - interval '13 days'),
('b04ff32f-92c5-8f8c-1d09-33289223dfd3','5050c90c-a260-674a-30ef-5d61ae84658c','dfe77540-6232-0053-b935-0ec0febaf88b','This covers a full visit and all parts needed.',750.00,now() - interval '22 days'),
('555dce97-2667-e0b5-d231-237a5aabb18d','b9684ad2-9ed0-6bf7-a5ee-fc3797b0fec8','b5d69816-efa8-5305-bb88-0b2c09263d90','This covers a full visit and all parts needed.',390.00,now() - interval '0 days'),
('8d48c01e-8e91-039d-35d9-c78076947235','5050c90c-a260-674a-30ef-5d61ae84658c','b5d69816-efa8-5305-bb88-0b2c09263d90','This covers a full visit and all parts needed.',735.00,now() - interval '3 days'),
('9ee66527-6dce-eacf-fd10-d468078c7686','78486db6-4558-baf0-dd97-39be046ed3ba','b5d69816-efa8-5305-bb88-0b2c09263d90','Firm quote based on the description; can confirm on site.',480.00,now() - interval '4 days'),
('4ceeecac-4f3e-9b2e-aeeb-67902562d5bd','fa87243e-faac-6b21-27e7-34bbb73cfc26','df4443ca-ed2a-7152-22b1-bcefbd3b01be','Happy to take this on, price includes labour and materials.',515.00,now() - interval '24 days'),
('0d8d0611-5e04-f254-a328-7a7e0cd245dc','00c35863-9938-381f-6de8-6716d1a72be5','df4443ca-ed2a-7152-22b1-bcefbd3b01be','This covers a full visit and all parts needed.',730.00,now() - interval '7 days'),
('ed28b9b6-4e1a-fef9-78e7-c7cbcd37279c','eb3627bd-d7a5-a69d-2046-5c164954ac0a','d4ba0e74-4689-f493-06e1-0c554f833f5c','Firm quote based on the description; can confirm on site.',110.00,now() - interval '13 days'),
('46240177-90d8-8725-132d-d1c834fbace5','8b447284-c32b-9eb6-074d-38e6a4091e64','d4ba0e74-4689-f493-06e1-0c554f833f5c','Firm quote based on the description; can confirm on site.',180.00,now() - interval '5 days'),
('44d6846a-30ce-b337-2fff-00b2edfbf326','789be1aa-4d28-1b70-1af5-00792bad1236','d4ba0e74-4689-f493-06e1-0c554f833f5c','This covers a full visit and all parts needed.',230.00,now() - interval '15 days'),
('5de0fb5b-3312-eca6-be46-8c268d2023eb','8b447284-c32b-9eb6-074d-38e6a4091e64','026f5179-6bfa-3876-d5e1-cc96dc8cdd98','This covers a full visit and all parts needed.',515.00,now() - interval '2 days'),
('7af88cb2-f0c3-8993-f6fe-967b15ed20fb','9cfe229c-80d0-bcc3-57b6-07a09c2804a1','026f5179-6bfa-3876-d5e1-cc96dc8cdd98','This covers a full visit and all parts needed.',200.00,now() - interval '10 days'),
('92bdcac2-0179-29e6-0a96-356a61f134ad','78486db6-4558-baf0-dd97-39be046ed3ba','5061d78e-94ce-1e8f-5a4e-e2e5fa4359ef','Happy to take this on, price includes labour and materials.',430.00,now() - interval '13 days'),
('636e7f80-5c73-360b-5275-ed95904b80c8','eb3627bd-d7a5-a69d-2046-5c164954ac0a','5061d78e-94ce-1e8f-5a4e-e2e5fa4359ef','Firm quote based on the description; can confirm on site.',570.00,now() - interval '35 days'),
('9f097e99-2be9-ab1d-f412-fe6eb555fcba','00c35863-9938-381f-6de8-6716d1a72be5','198cdd40-b9ce-22a3-0e8e-d700f7c4c3d4','Happy to take this on, price includes labour and materials.',170.00,now() - interval '25 days'),
('2d4b91d3-0100-f173-03e4-a43fccb26397','9cfe229c-80d0-bcc3-57b6-07a09c2804a1','198cdd40-b9ce-22a3-0e8e-d700f7c4c3d4','This covers a full visit and all parts needed.',285.00,now() - interval '25 days'),
('0b13cce1-8fb4-eac0-c9ff-89cb9fc14528','5050c90c-a260-674a-30ef-5d61ae84658c','fb87a37f-6908-8190-d34d-350f421f199e','Firm quote based on the description; can confirm on site.',340.00,now() - interval '9 days'),
('d09f62cb-8b83-0675-2977-91a27494b3e2','2d9ea313-fbe6-cd34-e469-150e555b54e9','fb87a37f-6908-8190-d34d-350f421f199e','Firm quote based on the description; can confirm on site.',580.00,now() - interval '30 days'),
('9bff442f-446a-8403-fec6-046bc3cbcee5','06aaf1f9-4858-3c1d-e8f4-81b03080b3f7','0d273bd9-3ef0-f9c5-7114-5e90bfbedb09','Happy to take this on, price includes labour and materials.',205.00,now() - interval '3 days'),
('af20ffa6-4162-9f5c-02b9-85196f282f27','78486db6-4558-baf0-dd97-39be046ed3ba','0d273bd9-3ef0-f9c5-7114-5e90bfbedb09','Happy to take this on, price includes labour and materials.',190.00,now() - interval '5 days'),
('7317334c-35be-10e8-e658-f26e93583974','b471dbb5-2730-bee5-2e70-344c19078cbe','f007695f-53fb-d80e-8c4d-5d8dcec2cd8c','Firm quote based on the description; can confirm on site.',810.00,now() - interval '1 days'),
('a4be9432-f764-b218-42d3-64727baeb1e5','06ae77ea-3780-e855-246e-fa382325dd72','f007695f-53fb-d80e-8c4d-5d8dcec2cd8c','This covers a full visit and all parts needed.',315.00,now() - interval '7 days'),
('6221b94b-3736-bd8a-e8ac-2e0d8968404f','78486db6-4558-baf0-dd97-39be046ed3ba','f007695f-53fb-d80e-8c4d-5d8dcec2cd8c','Happy to take this on, price includes labour and materials.',195.00,now() - interval '7 days'),
('5ab395a6-6002-fb78-1949-19f881f1d1b5','06ae77ea-3780-e855-246e-fa382325dd72','67feba26-bfe9-fd86-5197-5fbb66c054f9','Firm quote based on the description; can confirm on site.',140.00,now() - interval '13 days'),
('cb2256ef-667e-69f0-170b-3d825d94811e','eb3627bd-d7a5-a69d-2046-5c164954ac0a','67feba26-bfe9-fd86-5197-5fbb66c054f9','This covers a full visit and all parts needed.',255.00,now() - interval '0 days'),
('2fb4ce40-fa45-d902-2c60-cb5434ec9a22','2d9ea313-fbe6-cd34-e469-150e555b54e9','67feba26-bfe9-fd86-5197-5fbb66c054f9','Firm quote based on the description; can confirm on site.',455.00,now() - interval '11 days'),
('1432fcc7-af34-6706-3d00-de37aa21478d','27ac788e-d014-903b-a552-ade009e535fd','687f9e74-4859-59d1-72df-d7be1f48056a','Firm quote based on the description; can confirm on site.',560.00,now() - interval '12 days'),
('a451a734-f0b9-cbf4-617f-d1254e40984b','78486db6-4558-baf0-dd97-39be046ed3ba','687f9e74-4859-59d1-72df-d7be1f48056a','Happy to take this on, price includes labour and materials.',790.00,now() - interval '28 days'),
('a021fc7c-e310-7b36-907c-96b02fb6b1f2','06ae77ea-3780-e855-246e-fa382325dd72','f00344d8-cba5-d00a-1708-afd722812d25','This covers a full visit and all parts needed.',210.00,now() - interval '7 days'),
('77c8ea9a-dc04-e48d-6660-b3a67c3334e9','fa87243e-faac-6b21-27e7-34bbb73cfc26','f00344d8-cba5-d00a-1708-afd722812d25','Happy to take this on, price includes labour and materials.',450.00,now() - interval '29 days'),
('2ee5af17-7dd3-c49f-b50a-15bade695fef','9cfe229c-80d0-bcc3-57b6-07a09c2804a1','f00344d8-cba5-d00a-1708-afd722812d25','This covers a full visit and all parts needed.',235.00,now() - interval '7 days'),
('c0cd4b13-44ce-6f43-f23f-ac763f2020a1','5050c90c-a260-674a-30ef-5d61ae84658c','d3c6504e-1ee7-6413-efcb-e7dbfc4539fd','This covers a full visit and all parts needed.',295.00,now() - interval '37 days'),
('4f9a27d6-5b15-5928-4e6c-a5228caa3b2d','fa87243e-faac-6b21-27e7-34bbb73cfc26','d3c6504e-1ee7-6413-efcb-e7dbfc4539fd','Happy to take this on, price includes labour and materials.',615.00,now() - interval '18 days'),
('10cbb12b-c86c-b7eb-2ec1-ae0514ed8381','66671bd5-937b-7392-f0cd-87072d6d87d8','d3c6504e-1ee7-6413-efcb-e7dbfc4539fd','Happy to take this on, price includes labour and materials.',385.00,now() - interval '24 days'),
('dfa131ab-5855-dd13-4e5a-8fb80aef08e1','789be1aa-4d28-1b70-1af5-00792bad1236','1f6a02fa-18c9-761d-afa5-3bc30f77cd60','This covers a full visit and all parts needed.',790.00,now() - interval '5 days'),
('c0d73a32-5ba7-1882-77c8-b69ad89371c1','fa87243e-faac-6b21-27e7-34bbb73cfc26','1f6a02fa-18c9-761d-afa5-3bc30f77cd60','Firm quote based on the description; can confirm on site.',725.00,now() - interval '8 days'),
('323f925d-3d6a-34ca-4934-11bffccc117c','66671bd5-937b-7392-f0cd-87072d6d87d8','1f6a02fa-18c9-761d-afa5-3bc30f77cd60','This covers a full visit and all parts needed.',120.00,now() - interval '8 days'),
('d6cfe2dc-3163-40f8-b196-7836c1e172ba','2d9ea313-fbe6-cd34-e469-150e555b54e9','8d5bb898-af05-f4a2-369e-4b68eb7724e3','Happy to take this on, price includes labour and materials.',795.00,now() - interval '26 days'),
('678f3880-d922-07fc-7727-63f0d9751729','06aaf1f9-4858-3c1d-e8f4-81b03080b3f7','8d5bb898-af05-f4a2-369e-4b68eb7724e3','Happy to take this on, price includes labour and materials.',110.00,now() - interval '95 days'),
('c786325f-d715-c24c-cb22-f86cfaad6801','27ac788e-d014-903b-a552-ade009e535fd','8d5bb898-af05-f4a2-369e-4b68eb7724e3','Happy to take this on, price includes labour and materials.',690.00,now() - interval '12 days'),
('3f6cdfef-cb92-c325-e179-297f3d26ae5e','9cfe229c-80d0-bcc3-57b6-07a09c2804a1','627cb403-7271-edea-9372-65650483a4aa','Happy to take this on, price includes labour and materials.',600.00,now() - interval '7 days'),
('5e2eb4e5-be60-8268-3196-312dbe1b3fac','00c35863-9938-381f-6de8-6716d1a72be5','627cb403-7271-edea-9372-65650483a4aa','This covers a full visit and all parts needed.',465.00,now() - interval '0 days'),
('9ea6dbb8-476e-d03d-2261-e1b4635b034a','789be1aa-4d28-1b70-1af5-00792bad1236','627cb403-7271-edea-9372-65650483a4aa','This covers a full visit and all parts needed.',100.00,now() - interval '5 days'),
('75249ed2-1f4a-cc75-4854-338aa64a1606','8b447284-c32b-9eb6-074d-38e6a4091e64','5492ed16-dbd2-986a-b7a9-a90fbf8e87dc','Firm quote based on the description; can confirm on site.',70.00,now() - interval '51 days'),
('f7204080-e124-be90-8a03-693aa23c19c5','2d9ea313-fbe6-cd34-e469-150e555b54e9','5492ed16-dbd2-986a-b7a9-a90fbf8e87dc','Firm quote based on the description; can confirm on site.',485.00,now() - interval '75 days'),
('2e14c135-9c41-db30-18d5-48b42bf2fb08','06ae77ea-3780-e855-246e-fa382325dd72','5492ed16-dbd2-986a-b7a9-a90fbf8e87dc','Firm quote based on the description; can confirm on site.',300.00,now() - interval '84 days'),
('b015d7e2-d121-798a-95ea-1f9fa5c39a60','b471dbb5-2730-bee5-2e70-344c19078cbe','85f5ae95-cf93-9f4b-2bc1-360a083e81e0','This covers a full visit and all parts needed.',260.00,now() - interval '7 days'),
('bdcb5611-67f5-e23e-fe09-56f4ec578b11','27ac788e-d014-903b-a552-ade009e535fd','85f5ae95-cf93-9f4b-2bc1-360a083e81e0','Firm quote based on the description; can confirm on site.',405.00,now() - interval '0 days'),
('6951c0b9-9033-8eb4-b41c-3e060db5897a','27ac788e-d014-903b-a552-ade009e535fd','35d761c4-5f31-b031-687f-fb0a952ba82d','Happy to take this on, price includes labour and materials.',95.00,now() - interval '8 days'),
('7136f185-dd5f-0bc6-255a-244643f92bb5','78486db6-4558-baf0-dd97-39be046ed3ba','35d761c4-5f31-b031-687f-fb0a952ba82d','Happy to take this on, price includes labour and materials.',600.00,now() - interval '10 days'),
('f00a856c-3afe-bbc1-62c2-d6f9cbb56526','fa87243e-faac-6b21-27e7-34bbb73cfc26','35d761c4-5f31-b031-687f-fb0a952ba82d','Happy to take this on, price includes labour and materials.',810.00,now() - interval '16 days'),
('978f90ff-1c5a-656f-e2d8-8a61f6ae455b','b9684ad2-9ed0-6bf7-a5ee-fc3797b0fec8','af2d0ea8-57ea-145a-7699-125ca9aa304e','This covers a full visit and all parts needed.',80.00,now() - interval '2 days'),
('9af2aad6-f1bc-a16c-8090-c7ef08189787','fa87243e-faac-6b21-27e7-34bbb73cfc26','af2d0ea8-57ea-145a-7699-125ca9aa304e','This covers a full visit and all parts needed.',750.00,now() - interval '25 days'),
('6885b117-00e5-590e-31ce-cbe0ccd25c78','66671bd5-937b-7392-f0cd-87072d6d87d8','9d12aca9-c7c4-47a5-1dad-2b49fe12072d','This covers a full visit and all parts needed.',675.00,now() - interval '20 days'),
('635c2b1d-1000-b023-77cc-fbd66f733f4b','8b447284-c32b-9eb6-074d-38e6a4091e64','e970aa61-ab54-c7f8-3130-eb76cb942587','Firm quote based on the description; can confirm on site.',645.00,now() - interval '38 days'),
('e951a8da-de58-8687-bb58-d3380b52edd0','e5f5bcaf-8ae1-87ba-a0a1-8fb998cdee6e','b48676a9-956b-038d-d72f-ecf6ae1a8b08','Firm quote based on the description; can confirm on site.',795.00,now() - interval '4 days'),
('6fb897f4-93a0-41a6-644d-a18e7c09c5de','2d9ea313-fbe6-cd34-e469-150e555b54e9','b48676a9-956b-038d-d72f-ecf6ae1a8b08','This covers a full visit and all parts needed.',610.00,now() - interval '0 days'),
('a77ab2f0-aaa7-c192-16b9-6cfe9e2a9150','2d9ea313-fbe6-cd34-e469-150e555b54e9','f77aa2f0-ca0e-4058-c924-bbe6753fba2a','Happy to take this on, price includes labour and materials.',125.00,now() - interval '44 days'),
('12658ffb-22ac-276d-12b5-b0032bcdd278','eb3627bd-d7a5-a69d-2046-5c164954ac0a','7862cf8d-c92d-7135-59d2-3873af2e4536','This covers a full visit and all parts needed.',500.00,now() - interval '3 days'),
('52e63152-5d28-fc5b-b1ab-24e34274ec5f','b9684ad2-9ed0-6bf7-a5ee-fc3797b0fec8','7862cf8d-c92d-7135-59d2-3873af2e4536','Firm quote based on the description; can confirm on site.',605.00,now() - interval '0 days'),
('831c231e-a787-b31f-b425-322de5bf158f','b9684ad2-9ed0-6bf7-a5ee-fc3797b0fec8','b86bf3dd-b154-3d50-15fc-08c2367683d5','Firm quote based on the description; can confirm on site.',450.00,now() - interval '30 days'),
('13557424-4228-ce80-d49c-b69a20719d61','06ae77ea-3780-e855-246e-fa382325dd72','b86bf3dd-b154-3d50-15fc-08c2367683d5','Firm quote based on the description; can confirm on site.',680.00,now() - interval '3 days'),
('1525179c-25f5-dad1-c131-0c51ca90ed48','d3977501-9f0c-4a98-64a5-e99112287332','5538ea80-52dd-6e5d-2d7a-0cd7d3f7a186','Firm quote based on the description; can confirm on site.',605.00,now() - interval '3 days'),
('54143dc4-67da-21c4-eacb-72b9fa4f6c7e','eb3627bd-d7a5-a69d-2046-5c164954ac0a','65f5036d-0d97-a3ce-69b9-f18a6bd9c65a','This covers a full visit and all parts needed.',805.00,now() - interval '62 days'),
('9e0fbbe9-846e-025b-a70e-542186560053','2d9ea313-fbe6-cd34-e469-150e555b54e9','c8372978-1344-8554-3228-37b43d4a6674','Happy to take this on, price includes labour and materials.',730.00,now() - interval '8 days'),
('acffdf8d-1bad-9a85-ee7d-f79d997e3162','d3977501-9f0c-4a98-64a5-e99112287332','c8372978-1344-8554-3228-37b43d4a6674','Happy to take this on, price includes labour and materials.',190.00,now() - interval '1 days'),
('22b92be7-1d35-0560-8f0b-cc4543a19757','b9684ad2-9ed0-6bf7-a5ee-fc3797b0fec8','c3261f4c-6b79-a870-236f-560dc7bbfe8f','This covers a full visit and all parts needed.',100.00,now() - interval '1 days'),
('c64be7af-cb8a-5f3e-11fa-927b8164126e','e5f5bcaf-8ae1-87ba-a0a1-8fb998cdee6e','b48a5501-f1d5-2380-0c7b-b6e1ca7178fc','Happy to take this on, price includes labour and materials.',615.00,now() - interval '33 days'),
('c0d939c7-dc50-fe68-4196-4b0970d7271c','8b447284-c32b-9eb6-074d-38e6a4091e64','b48a5501-f1d5-2380-0c7b-b6e1ca7178fc','Firm quote based on the description; can confirm on site.',655.00,now() - interval '16 days'),
('842bab18-3aab-9f1b-0638-1fb9accee716','66671bd5-937b-7392-f0cd-87072d6d87d8','b48a5501-f1d5-2380-0c7b-b6e1ca7178fc','This covers a full visit and all parts needed.',805.00,now() - interval '8 days'),
('93877492-dca8-744b-eb94-cf1f5146d76d','2d9ea313-fbe6-cd34-e469-150e555b54e9','31cb126b-fc44-bd06-78cf-469af87211f4','This covers a full visit and all parts needed.',720.00,now() - interval '17 days'),
('372f89a8-b785-89f2-e55a-a1b16c8bb8e3','eb3627bd-d7a5-a69d-2046-5c164954ac0a','31cb126b-fc44-bd06-78cf-469af87211f4','Happy to take this on, price includes labour and materials.',765.00,now() - interval '8 days'),
('11f8efac-f66c-4ce8-7c5a-d4de521699d7','fa87243e-faac-6b21-27e7-34bbb73cfc26','1db6bedd-1f39-745e-336e-b623204a7a6e','Firm quote based on the description; can confirm on site.',100.00,now() - interval '8 days'),
('df5a3b93-8cdc-6f9c-476f-8abcf6489be3','2d9ea313-fbe6-cd34-e469-150e555b54e9','1db6bedd-1f39-745e-336e-b623204a7a6e','Happy to take this on, price includes labour and materials.',665.00,now() - interval '6 days'),
('98627b7e-4fa1-3b7b-857f-923883c9c2ff','e5f5bcaf-8ae1-87ba-a0a1-8fb998cdee6e','1db6bedd-1f39-745e-336e-b623204a7a6e','Happy to take this on, price includes labour and materials.',195.00,now() - interval '8 days'),
('8506d4c5-49df-e72a-ef3b-f17472d3828e','3f2609c7-ed4e-f514-0767-6783a39d3d1d','abb50f33-20ea-9e64-38a1-259a12792024','This covers a full visit and all parts needed.',685.00,now() - interval '1 days'),
('71f49499-6f45-800c-c611-d8f3f22e2f03','9cfe229c-80d0-bcc3-57b6-07a09c2804a1','abb50f33-20ea-9e64-38a1-259a12792024','This covers a full visit and all parts needed.',690.00,now() - interval '1 days'),
('7a1420c7-45f8-b7ef-9f6b-10fa7f007a5a','5050c90c-a260-674a-30ef-5d61ae84658c','abb50f33-20ea-9e64-38a1-259a12792024','Firm quote based on the description; can confirm on site.',340.00,now() - interval '6 days'),
('79ffc680-8eef-07fb-42f4-9d947c447a9d','5050c90c-a260-674a-30ef-5d61ae84658c','cdfb3ffe-a515-5111-875a-cb6d758d52c5','Happy to take this on, price includes labour and materials.',385.00,now() - interval '1 days'),
('ea49e535-2487-8055-7424-a3bc6ee82151','fa87243e-faac-6b21-27e7-34bbb73cfc26','cdfb3ffe-a515-5111-875a-cb6d758d52c5','Firm quote based on the description; can confirm on site.',250.00,now() - interval '0 days'),
('7fc49696-6332-8f0a-232f-be9573db3549','9cfe229c-80d0-bcc3-57b6-07a09c2804a1','cdfb3ffe-a515-5111-875a-cb6d758d52c5','This covers a full visit and all parts needed.',725.00,now() - interval '0 days'),
('cfa08295-6e6f-4fed-83c8-4afd7c93a022','2d9ea313-fbe6-cd34-e469-150e555b54e9','8ed1600a-9317-8bd9-5fb1-3b33b3af67d7','Firm quote based on the description; can confirm on site.',485.00,now() - interval '9 days'),
('35b615c4-7dd5-1362-23a4-c355c79c9c92','00c35863-9938-381f-6de8-6716d1a72be5','00dfbe18-90d4-2a6a-b3ae-c8f1f5f3badb','This covers a full visit and all parts needed.',855.00,now() - interval '15 days'),
('2f0a3b98-644c-f92e-8014-9f8b053eadfc','27ac788e-d014-903b-a552-ade009e535fd','00dfbe18-90d4-2a6a-b3ae-c8f1f5f3badb','Firm quote based on the description; can confirm on site.',295.00,now() - interval '8 days'),
('b9e73972-9b8a-308a-dcdf-213f7f22f430','2d9ea313-fbe6-cd34-e469-150e555b54e9','00dfbe18-90d4-2a6a-b3ae-c8f1f5f3badb','Firm quote based on the description; can confirm on site.',620.00,now() - interval '17 days'),
('976edc63-69e8-3b38-7b4d-e79f7ef91724','b471dbb5-2730-bee5-2e70-344c19078cbe','3cda11ac-6dd9-2f6a-2522-58e56b4eaefd','This covers a full visit and all parts needed.',670.00,now() - interval '19 days'),
('3f29fba3-fa98-9361-ca1c-36c80d3b5538','78486db6-4558-baf0-dd97-39be046ed3ba','3cda11ac-6dd9-2f6a-2522-58e56b4eaefd','Firm quote based on the description; can confirm on site.',335.00,now() - interval '11 days'),
('de4cfd78-39e7-3573-77aa-17d8780bf36e','789be1aa-4d28-1b70-1af5-00792bad1236','3cda11ac-6dd9-2f6a-2522-58e56b4eaefd','Firm quote based on the description; can confirm on site.',640.00,now() - interval '2 days'),
('49cd915e-56d7-edba-1614-859519085e10','2d9ea313-fbe6-cd34-e469-150e555b54e9','8f1417ea-32ce-2da9-5113-fdd52c9b277d','This covers a full visit and all parts needed.',270.00,now() - interval '44 days'),
('5f91b2d5-f12d-02a5-e9ff-9a62dabd8f46','b9684ad2-9ed0-6bf7-a5ee-fc3797b0fec8','8f1417ea-32ce-2da9-5113-fdd52c9b277d','Firm quote based on the description; can confirm on site.',190.00,now() - interval '45 days'),
('697d4d0a-9959-2258-86b7-6384dd48b704','78486db6-4558-baf0-dd97-39be046ed3ba','8f1417ea-32ce-2da9-5113-fdd52c9b277d','This covers a full visit and all parts needed.',155.00,now() - interval '25 days'),
('2ab7f684-3aa8-9019-95b3-7f4b993aef03','2d9ea313-fbe6-cd34-e469-150e555b54e9','37ca0e84-a9e7-cc52-78a9-8f3e56221d5a','Happy to take this on, price includes labour and materials.',335.00,now() - interval '14 days'),
('8ff0485c-d4c6-a131-077a-441f5eb3e5e4','00c35863-9938-381f-6de8-6716d1a72be5','37ca0e84-a9e7-cc52-78a9-8f3e56221d5a','Firm quote based on the description; can confirm on site.',200.00,now() - interval '12 days'),
('3e980ea4-88fc-b68b-823c-78dff430c547','06aaf1f9-4858-3c1d-e8f4-81b03080b3f7','ddce731a-dd20-5aae-1edc-7ac1676e3e48','Happy to take this on, price includes labour and materials.',640.00,now() - interval '31 days'),
('6751a9b3-c406-42cb-ff8e-41442589ab2f','3f2609c7-ed4e-f514-0767-6783a39d3d1d','ddce731a-dd20-5aae-1edc-7ac1676e3e48','This covers a full visit and all parts needed.',360.00,now() - interval '26 days'),
('6bf68d20-08eb-b446-883b-a1d1783a3ed5','d3977501-9f0c-4a98-64a5-e99112287332','ddce731a-dd20-5aae-1edc-7ac1676e3e48','This covers a full visit and all parts needed.',565.00,now() - interval '37 days'),
('a96cc963-2b09-09e1-5faa-0ad65d4a1fc8','8b447284-c32b-9eb6-074d-38e6a4091e64','ddce731a-dd20-5aae-1edc-7ac1676e3e48','Firm quote based on the description; can confirm on site.',195.00,now() - interval '39 days'),
('aa629a71-bb01-8fbb-2e73-7a3490912059','8b447284-c32b-9eb6-074d-38e6a4091e64','257f5894-03bd-d7cf-1456-9cbe74676287','This covers a full visit and all parts needed.',675.00,now() - interval '8 days'),
('c62d5d7a-ce84-711a-0499-bb93cc8bcf5b','b471dbb5-2730-bee5-2e70-344c19078cbe','257f5894-03bd-d7cf-1456-9cbe74676287','Happy to take this on, price includes labour and materials.',645.00,now() - interval '28 days'),
('d11aa2fa-982d-3c5d-d6e5-5ae0272fca9d','27ac788e-d014-903b-a552-ade009e535fd','257f5894-03bd-d7cf-1456-9cbe74676287','Firm quote based on the description; can confirm on site.',215.00,now() - interval '40 days'),
('7fdce47c-2b08-ef46-93ed-d6f9b29664c8','e5f5bcaf-8ae1-87ba-a0a1-8fb998cdee6e','257f5894-03bd-d7cf-1456-9cbe74676287','This covers a full visit and all parts needed.',390.00,now() - interval '23 days'),
('739ca5e3-5677-ef92-1145-a27a77d0015c','00c35863-9938-381f-6de8-6716d1a72be5','88cf4a70-b264-d56b-5074-d006424ec6bf','Firm quote based on the description; can confirm on site.',625.00,now() - interval '8 days'),
('e4e034d6-3f1e-973e-9b57-3c982f612d78','8b447284-c32b-9eb6-074d-38e6a4091e64','81f22535-7796-3630-6547-2ce9acc937b4','This covers a full visit and all parts needed.',345.00,now() - interval '8 days'),
('a1f1c5da-5e41-f3d1-6bfa-fe70cbf38c5d','27ac788e-d014-903b-a552-ade009e535fd','abe5e2d4-6f9c-c0c2-c033-227b03ebd830','This covers a full visit and all parts needed.',455.00,now() - interval '0 days'),
('adf6a674-5fdd-faad-561c-cc7fc7e5aaaa','d3977501-9f0c-4a98-64a5-e99112287332','abe5e2d4-6f9c-c0c2-c033-227b03ebd830','This covers a full visit and all parts needed.',665.00,now() - interval '4 days'),
('fee5e8bd-1c7a-99cd-c5de-8cc7948ee787','00c35863-9938-381f-6de8-6716d1a72be5','abe5e2d4-6f9c-c0c2-c033-227b03ebd830','This covers a full visit and all parts needed.',830.00,now() - interval '15 days'),
('3ad69b6f-41ad-f7be-e086-948e6af62b68','fa87243e-faac-6b21-27e7-34bbb73cfc26','87295ae4-6eeb-2615-fec4-eb9917a93f92','This covers a full visit and all parts needed.',375.00,now() - interval '37 days'),
('4639d698-f815-53cd-a92a-b95ddd2b450c','27ac788e-d014-903b-a552-ade009e535fd','87295ae4-6eeb-2615-fec4-eb9917a93f92','Firm quote based on the description; can confirm on site.',320.00,now() - interval '16 days'),
('5502fb5c-bc1e-2e36-cedc-f7c88606ca95','06aaf1f9-4858-3c1d-e8f4-81b03080b3f7','09436fe5-3d2b-ae73-01ac-2da0d48a6381','This covers a full visit and all parts needed.',435.00,now() - interval '7 days'),
('7e018078-d2c4-c0c6-17c3-6fa50a6a92c1','d3977501-9f0c-4a98-64a5-e99112287332','09436fe5-3d2b-ae73-01ac-2da0d48a6381','Happy to take this on, price includes labour and materials.',420.00,now() - interval '5 days'),
('12331eaa-4c06-ebc1-8ee5-e51326843185','2d9ea313-fbe6-cd34-e469-150e555b54e9','09436fe5-3d2b-ae73-01ac-2da0d48a6381','This covers a full visit and all parts needed.',450.00,now() - interval '25 days'),
('1d4d68d4-c374-7ac2-eaab-ea7f1fa93b14','00c35863-9938-381f-6de8-6716d1a72be5','c597fbe6-16cc-50dd-3a4b-e1010aac6af2','Happy to take this on, price includes labour and materials.',90.00,now() - interval '9 days'),
('a1593224-a055-892e-653f-cc44d14c959f','d3977501-9f0c-4a98-64a5-e99112287332','c597fbe6-16cc-50dd-3a4b-e1010aac6af2','Happy to take this on, price includes labour and materials.',715.00,now() - interval '41 days'),
('1c08c96a-a638-f16c-b4fb-2b214c0fc933','3f2609c7-ed4e-f514-0767-6783a39d3d1d','a2a6bcfa-698b-0b2f-82a7-d4a0ed78bf50','Happy to take this on, price includes labour and materials.',460.00,now() - interval '39 days'),
('51ca2639-efaa-d3f8-a2a9-8ea8732c15e3','66671bd5-937b-7392-f0cd-87072d6d87d8','a2a6bcfa-698b-0b2f-82a7-d4a0ed78bf50','This covers a full visit and all parts needed.',260.00,now() - interval '28 days'),
('09c77cdd-bce3-89e7-4209-fa08a3192a65','06aaf1f9-4858-3c1d-e8f4-81b03080b3f7','a2a6bcfa-698b-0b2f-82a7-d4a0ed78bf50','Firm quote based on the description; can confirm on site.',695.00,now() - interval '3 days'),
('ea4538dd-88d7-c8d0-ac74-58d0af1d8b06','27ac788e-d014-903b-a552-ade009e535fd','5400d282-4768-e850-cd2a-ac0fca3bc053','Happy to take this on, price includes labour and materials.',315.00,now() - interval '3 days'),
('6de5f4f3-29a6-2ce6-4100-1fa2ea98a198','8b447284-c32b-9eb6-074d-38e6a4091e64','5400d282-4768-e850-cd2a-ac0fca3bc053','Happy to take this on, price includes labour and materials.',385.00,now() - interval '12 days'),
('743bf01b-2b24-ba87-336d-d0722f6c22da','3f2609c7-ed4e-f514-0767-6783a39d3d1d','b2dfd314-777e-82ca-5f58-5d13e4a05e4b','Happy to take this on, price includes labour and materials.',370.00,now() - interval '1 days'),
('28add4d6-1d3d-b83f-4f4f-cd9acd63c673','8b447284-c32b-9eb6-074d-38e6a4091e64','b2dfd314-777e-82ca-5f58-5d13e4a05e4b','Happy to take this on, price includes labour and materials.',125.00,now() - interval '0 days'),
('0a628259-e8e8-2672-35c6-df6a80ca7fc5','9cfe229c-80d0-bcc3-57b6-07a09c2804a1','b2dfd314-777e-82ca-5f58-5d13e4a05e4b','This covers a full visit and all parts needed.',550.00,now() - interval '0 days'),
('2cd021c5-23c8-9e04-e2d1-9936be9e410a','b9684ad2-9ed0-6bf7-a5ee-fc3797b0fec8','81735cbd-6560-0edb-e163-25d7b44080df','This covers a full visit and all parts needed.',240.00,now() - interval '72 days'),
('8b7aca17-fa95-ecb6-484c-bdb33fc3db98','b471dbb5-2730-bee5-2e70-344c19078cbe','81735cbd-6560-0edb-e163-25d7b44080df','Happy to take this on, price includes labour and materials.',530.00,now() - interval '40 days'),
('7c39127a-192d-e89d-d09a-53467eeac23f','2d9ea313-fbe6-cd34-e469-150e555b54e9','5e24a5d1-9650-bbf5-72d8-e702c7a05942','This covers a full visit and all parts needed.',155.00,now() - interval '23 days'),
('d8879a58-e4db-b3e2-d5c3-862cbafc9a89','06aaf1f9-4858-3c1d-e8f4-81b03080b3f7','5e24a5d1-9650-bbf5-72d8-e702c7a05942','This covers a full visit and all parts needed.',720.00,now() - interval '20 days'),
('c14ceaf8-aecf-b34a-05d7-fbb91c8f1c97','9cfe229c-80d0-bcc3-57b6-07a09c2804a1','5e24a5d1-9650-bbf5-72d8-e702c7a05942','Happy to take this on, price includes labour and materials.',410.00,now() - interval '8 days'),
('59f32af5-b891-545e-e5e6-aeeddb2e1fc4','b471dbb5-2730-bee5-2e70-344c19078cbe','5e24a5d1-9650-bbf5-72d8-e702c7a05942','Happy to take this on, price includes labour and materials.',155.00,now() - interval '24 days'),
('819dc006-e78e-b2ac-4146-4de7a1789901','06aaf1f9-4858-3c1d-e8f4-81b03080b3f7','c6c990ca-5a9b-fac9-b1b7-c1d039b4c1b8','This covers a full visit and all parts needed.',525.00,now() - interval '45 days'),
('1d7780d0-6154-0d64-615c-d6133c6c2a4d','00c35863-9938-381f-6de8-6716d1a72be5','c6c990ca-5a9b-fac9-b1b7-c1d039b4c1b8','Happy to take this on, price includes labour and materials.',760.00,now() - interval '20 days'),
('1cd61986-4dce-115f-d1b2-e8706180fb43','2d9ea313-fbe6-cd34-e469-150e555b54e9','c6c990ca-5a9b-fac9-b1b7-c1d039b4c1b8','This covers a full visit and all parts needed.',405.00,now() - interval '36 days'),
('9cbd36f3-4c80-3ab0-8250-b9b6b9801023','5050c90c-a260-674a-30ef-5d61ae84658c','1acf0ca6-cef3-9548-d599-1bcef759d1b9','Firm quote based on the description; can confirm on site.',300.00,now() - interval '31 days'),
('8600c10d-a110-db1e-85f5-5fb202d46a06','78486db6-4558-baf0-dd97-39be046ed3ba','1acf0ca6-cef3-9548-d599-1bcef759d1b9','Happy to take this on, price includes labour and materials.',630.00,now() - interval '6 days'),
('841c3f77-356a-1eb8-f68d-08e8bcdb971e','3f2609c7-ed4e-f514-0767-6783a39d3d1d','62a2fe73-fc64-ff55-229a-8ddc64ddcb84','Happy to take this on, price includes labour and materials.',515.00,now() - interval '58 days'),
('5f6c71a9-117f-0a40-4165-133dddd94ecc','b9684ad2-9ed0-6bf7-a5ee-fc3797b0fec8','62a2fe73-fc64-ff55-229a-8ddc64ddcb84','Happy to take this on, price includes labour and materials.',595.00,now() - interval '7 days'),
('800594ba-1774-48b1-3318-92d56f82772c','06ae77ea-3780-e855-246e-fa382325dd72','62a2fe73-fc64-ff55-229a-8ddc64ddcb84','Firm quote based on the description; can confirm on site.',570.00,now() - interval '80 days'),
('659e61eb-a5ba-1220-4297-5466ddfc3e65','66671bd5-937b-7392-f0cd-87072d6d87d8','2da05350-390f-540e-cd28-1e697ded7de4','Happy to take this on, price includes labour and materials.',455.00,now() - interval '64 days'),
('a52fc101-cd03-9380-46be-95cd5f2808dc','78486db6-4558-baf0-dd97-39be046ed3ba','90989dca-5576-46d0-7ec1-e2a600013a04','This covers a full visit and all parts needed.',790.00,now() - interval '21 days'),
('5ee4b20a-2142-a02c-840b-3360bd5982b4','5050c90c-a260-674a-30ef-5d61ae84658c','90989dca-5576-46d0-7ec1-e2a600013a04','This covers a full visit and all parts needed.',650.00,now() - interval '22 days'),
('6ed57053-f81b-babe-5113-a05bf72a8a84','e5f5bcaf-8ae1-87ba-a0a1-8fb998cdee6e','90989dca-5576-46d0-7ec1-e2a600013a04','Happy to take this on, price includes labour and materials.',690.00,now() - interval '20 days'),
('a40fb465-b5b1-0509-6f11-2f1d89e02931','2d9ea313-fbe6-cd34-e469-150e555b54e9','90989dca-5576-46d0-7ec1-e2a600013a04','This covers a full visit and all parts needed.',745.00,now() - interval '23 days'),
('dfbfc66f-5e8e-8fe2-7faa-52eda8231d06','8b447284-c32b-9eb6-074d-38e6a4091e64','ef5d7c5d-8ad6-d336-e8aa-95bc86d38a02','This covers a full visit and all parts needed.',720.00,now() - interval '48 days'),
('f7428a3e-8d1c-457a-d334-ca1f8c3f8416','78486db6-4558-baf0-dd97-39be046ed3ba','965c3688-8313-44eb-881f-0cd9eb3db677','Firm quote based on the description; can confirm on site.',220.00,now() - interval '26 days'),
('0bb5fc53-1e13-b6b7-0de3-3329943b59da','66671bd5-937b-7392-f0cd-87072d6d87d8','965c3688-8313-44eb-881f-0cd9eb3db677','This covers a full visit and all parts needed.',70.00,now() - interval '20 days'),
('1a5d8afa-db5d-8440-749e-ced91271b6ab','00c35863-9938-381f-6de8-6716d1a72be5','965c3688-8313-44eb-881f-0cd9eb3db677','This covers a full visit and all parts needed.',455.00,now() - interval '12 days'),
('e0a11b78-3d4c-6efb-6c93-70d81dc3380b','9cfe229c-80d0-bcc3-57b6-07a09c2804a1','965c3688-8313-44eb-881f-0cd9eb3db677','Firm quote based on the description; can confirm on site.',290.00,now() - interval '2 days'),
('1e32064c-0db4-9ad0-bd7b-a4272feb0ff4','8b447284-c32b-9eb6-074d-38e6a4091e64','16fb246c-efbb-10f1-1db9-7b4270130a92','Happy to take this on, price includes labour and materials.',60.00,now() - interval '13 days'),
('7b9692bf-b7cf-6937-a03f-84622636db35','b471dbb5-2730-bee5-2e70-344c19078cbe','16fb246c-efbb-10f1-1db9-7b4270130a92','Happy to take this on, price includes labour and materials.',735.00,now() - interval '0 days'),
('d990c660-bbb1-9494-cabf-5872225558f4','fa87243e-faac-6b21-27e7-34bbb73cfc26','16fb246c-efbb-10f1-1db9-7b4270130a92','Happy to take this on, price includes labour and materials.',275.00,now() - interval '10 days'),
('2f2e3bad-136d-ecf1-97ff-fdbc8f71bcdc','b471dbb5-2730-bee5-2e70-344c19078cbe','086ff0a3-c2d5-a4cd-dcd9-e028f55e8c2e','Happy to take this on, price includes labour and materials.',495.00,now() - interval '9 days'),
('a0c717a4-04ca-dba6-8f27-73f660b3f205','b471dbb5-2730-bee5-2e70-344c19078cbe','27924aaf-6850-cc15-efcd-f0a1f49d41dd','Happy to take this on, price includes labour and materials.',240.00,now() - interval '23 days'),
('7fa26595-d387-79bd-e188-5f1ab2f0400c','06aaf1f9-4858-3c1d-e8f4-81b03080b3f7','27924aaf-6850-cc15-efcd-f0a1f49d41dd','Happy to take this on, price includes labour and materials.',315.00,now() - interval '24 days'),
('95099e5d-b5fe-dcee-c321-6c2426365eb7','06ae77ea-3780-e855-246e-fa382325dd72','27924aaf-6850-cc15-efcd-f0a1f49d41dd','Happy to take this on, price includes labour and materials.',540.00,now() - interval '5 days'),
('7ac906ff-90c3-aee6-2091-2a67d9c6eebc','eb3627bd-d7a5-a69d-2046-5c164954ac0a','27924aaf-6850-cc15-efcd-f0a1f49d41dd','Happy to take this on, price includes labour and materials.',335.00,now() - interval '13 days'),
('de04a78a-60f8-7de8-cb92-66d49050fbc7','00c35863-9938-381f-6de8-6716d1a72be5','07bb2c37-eb71-3036-3a6c-1c168ac7c170','This covers a full visit and all parts needed.',730.00,now() - interval '2 days'),
('39863024-1cf5-11df-1cee-39589dc02dda','b9684ad2-9ed0-6bf7-a5ee-fc3797b0fec8','07bb2c37-eb71-3036-3a6c-1c168ac7c170','This covers a full visit and all parts needed.',495.00,now() - interval '3 days'),
('5c089f44-6ba6-b26a-f006-22487fbb7377','27ac788e-d014-903b-a552-ade009e535fd','07bb2c37-eb71-3036-3a6c-1c168ac7c170','Firm quote based on the description; can confirm on site.',345.00,now() - interval '2 days'),
('8d6472f6-3f19-ee26-8a0d-40ca7daa805e','eb3627bd-d7a5-a69d-2046-5c164954ac0a','4e2c0f3a-1fd0-4995-2a10-a9bc37d1ea65','This covers a full visit and all parts needed.',590.00,now() - interval '5 days'),
('80b055a0-5d16-74a3-1767-97d85da2bf1a','b471dbb5-2730-bee5-2e70-344c19078cbe','d150697c-2cce-e614-f382-b71b281c59b1','This covers a full visit and all parts needed.',580.00,now() - interval '2 days'),
('262395c8-672b-b397-2f59-c70e9fdd7e15','06aaf1f9-4858-3c1d-e8f4-81b03080b3f7','e880558d-de4e-431e-21e2-b43dfc0a5494','This covers a full visit and all parts needed.',605.00,now() - interval '19 days'),
('56d0c226-00b7-aa18-8c1e-248b2a065447','789be1aa-4d28-1b70-1af5-00792bad1236','e880558d-de4e-431e-21e2-b43dfc0a5494','This covers a full visit and all parts needed.',100.00,now() - interval '19 days'),
('d8af95de-4f71-2ea7-2312-5a39c17a88b3','8b447284-c32b-9eb6-074d-38e6a4091e64','e880558d-de4e-431e-21e2-b43dfc0a5494','This covers a full visit and all parts needed.',780.00,now() - interval '24 days'),
('a451dbaa-6d21-8911-67d2-230c2e021d83','eb3627bd-d7a5-a69d-2046-5c164954ac0a','e880558d-de4e-431e-21e2-b43dfc0a5494','Firm quote based on the description; can confirm on site.',90.00,now() - interval '21 days'),
('f5123e9d-208e-cca5-b2ba-995324ad4307','eb3627bd-d7a5-a69d-2046-5c164954ac0a','78ef9eb0-c3d4-8a49-783d-382838b05e2d','Firm quote based on the description; can confirm on site.',750.00,now() - interval '4 days'),
('46e477ad-bce6-e54a-c821-552ed2e6750e','b9684ad2-9ed0-6bf7-a5ee-fc3797b0fec8','78ef9eb0-c3d4-8a49-783d-382838b05e2d','Firm quote based on the description; can confirm on site.',445.00,now() - interval '4 days'),
('7c07fc31-84c1-e550-2aca-68d9f422542e','78486db6-4558-baf0-dd97-39be046ed3ba','2777da40-3ca8-d799-64d8-92bf878de67f','This covers a full visit and all parts needed.',795.00,now() - interval '76 days'),
('ffed6c60-aa1c-52c6-ca8d-19eb6cf7fa0f','06ae77ea-3780-e855-246e-fa382325dd72','2777da40-3ca8-d799-64d8-92bf878de67f','This covers a full visit and all parts needed.',120.00,now() - interval '7 days'),
('92fe7a87-1179-27fc-ad19-852518c4dde1','5050c90c-a260-674a-30ef-5d61ae84658c','d9cba57d-671d-4c0f-2320-8a159ef62a5b','This covers a full visit and all parts needed.',765.00,now() - interval '3 days'),
('4de7dcd2-3379-4b86-d4e7-f9e80059a927','d3977501-9f0c-4a98-64a5-e99112287332','4e3ebfdb-148c-907b-70cd-6e4b5d4dadd7','Firm quote based on the description; can confirm on site.',295.00,now() - interval '11 days'),
('17c4a090-ecf5-3c72-01cd-8adf5b7653db','eb3627bd-d7a5-a69d-2046-5c164954ac0a','4e3ebfdb-148c-907b-70cd-6e4b5d4dadd7','This covers a full visit and all parts needed.',190.00,now() - interval '2 days'),
('8d096b6b-abb4-567e-f008-00931ba69134','9cfe229c-80d0-bcc3-57b6-07a09c2804a1','14b95dce-9f95-b369-05a0-889793c78fd7','This covers a full visit and all parts needed.',555.00,now() - interval '17 days'),
('ecdf32d4-9443-0964-6e1b-2c312111fc18','fa87243e-faac-6b21-27e7-34bbb73cfc26','9d694356-198a-ad48-966b-21ebcad7ccf6','Firm quote based on the description; can confirm on site.',655.00,now() - interval '28 days'),
('dc7f48c0-9625-cff8-3ed0-22ce40435cbc','5050c90c-a260-674a-30ef-5d61ae84658c','9d694356-198a-ad48-966b-21ebcad7ccf6','This covers a full visit and all parts needed.',510.00,now() - interval '92 days'),
('38248a50-6c52-3cee-356c-961fde5cc3d6','27ac788e-d014-903b-a552-ade009e535fd','9ecc8583-f156-31cd-a0d0-157102eba49f','Firm quote based on the description; can confirm on site.',775.00,now() - interval '5 days'),
('42be5756-a674-c48a-a420-af0ccaa42fbe','06aaf1f9-4858-3c1d-e8f4-81b03080b3f7','9ecc8583-f156-31cd-a0d0-157102eba49f','This covers a full visit and all parts needed.',805.00,now() - interval '5 days'),
('9a8c23d5-fd8b-234d-fbc8-4c862d37c178','78486db6-4558-baf0-dd97-39be046ed3ba','9ecc8583-f156-31cd-a0d0-157102eba49f','Happy to take this on, price includes labour and materials.',345.00,now() - interval '6 days'),
('2880ca52-a4a5-a565-f78f-51f8c8cec814','d3977501-9f0c-4a98-64a5-e99112287332','9ecc8583-f156-31cd-a0d0-157102eba49f','This covers a full visit and all parts needed.',205.00,now() - interval '4 days'),
('81eefb8d-81ca-1080-a5a9-fd84eabfba79','06ae77ea-3780-e855-246e-fa382325dd72','2f262ebc-3116-8b2a-3d54-b898a5737d15','Firm quote based on the description; can confirm on site.',210.00,now() - interval '23 days'),
('ddb36493-842a-9715-ff57-e013d912d964','9cfe229c-80d0-bcc3-57b6-07a09c2804a1','2f262ebc-3116-8b2a-3d54-b898a5737d15','Happy to take this on, price includes labour and materials.',460.00,now() - interval '40 days'),
('6d43acec-e021-016e-71f3-43da2560887b','eb3627bd-d7a5-a69d-2046-5c164954ac0a','2f262ebc-3116-8b2a-3d54-b898a5737d15','Happy to take this on, price includes labour and materials.',555.00,now() - interval '21 days'),
('91bb9dea-9dd9-b9bf-98e3-4da25a90e07d','eb3627bd-d7a5-a69d-2046-5c164954ac0a','942f3d1a-edfd-89d1-1ca4-a7062f913a61','Firm quote based on the description; can confirm on site.',170.00,now() - interval '113 days'),
('c71d9ed2-53dd-04d9-5229-1ac345b51e6c','e5f5bcaf-8ae1-87ba-a0a1-8fb998cdee6e','942f3d1a-edfd-89d1-1ca4-a7062f913a61','Firm quote based on the description; can confirm on site.',890.00,now() - interval '47 days'),
('c60f8c28-a06f-307c-0579-4366fca4b140','fa87243e-faac-6b21-27e7-34bbb73cfc26','9199cf2c-fdbe-8175-361c-0cf421be9610','Firm quote based on the description; can confirm on site.',755.00,now() - interval '51 days'),
('55708f92-e726-3437-9e02-04b947a37d3b','b9684ad2-9ed0-6bf7-a5ee-fc3797b0fec8','9199cf2c-fdbe-8175-361c-0cf421be9610','Happy to take this on, price includes labour and materials.',520.00,now() - interval '28 days'),
('2803fb37-5b0d-230b-b76b-73a0803adfa6','fa87243e-faac-6b21-27e7-34bbb73cfc26','1323aea8-6fa9-45d0-21cd-074f0729a5f2','Firm quote based on the description; can confirm on site.',480.00,now() - interval '33 days'),
('71c594a7-a625-9b74-62fa-a24ee3a7f5f1','9cfe229c-80d0-bcc3-57b6-07a09c2804a1','1323aea8-6fa9-45d0-21cd-074f0729a5f2','Firm quote based on the description; can confirm on site.',405.00,now() - interval '19 days'),
('3011a7c9-b668-72a1-5873-4b02291cd7d9','b9684ad2-9ed0-6bf7-a5ee-fc3797b0fec8','8bf7022f-b5dd-6a1e-bc58-21e44b091706','Firm quote based on the description; can confirm on site.',730.00,now() - interval '12 days'),
('dedc7f0e-3caf-2d53-2418-318d62946dbd','eb3627bd-d7a5-a69d-2046-5c164954ac0a','d4e13304-fc44-8e36-2e80-0015bdcc62a9','This covers a full visit and all parts needed.',630.00,now() - interval '3 days'),
('b24aa9f7-89e6-6c8c-ab8d-a5c5244e10fb','2d9ea313-fbe6-cd34-e469-150e555b54e9','d4e13304-fc44-8e36-2e80-0015bdcc62a9','Firm quote based on the description; can confirm on site.',870.00,now() - interval '0 days'),
('24aa3754-69e1-e819-5ddd-e85999e7dc5c','789be1aa-4d28-1b70-1af5-00792bad1236','d4e13304-fc44-8e36-2e80-0015bdcc62a9','Firm quote based on the description; can confirm on site.',790.00,now() - interval '6 days'),
('c114ad25-1383-17f9-7a73-757e0f02e042','9cfe229c-80d0-bcc3-57b6-07a09c2804a1','d4e13304-fc44-8e36-2e80-0015bdcc62a9','Happy to take this on, price includes labour and materials.',795.00,now() - interval '12 days'),
('91d3687a-4051-a2ca-6217-7a173ef69cfd','e5f5bcaf-8ae1-87ba-a0a1-8fb998cdee6e','a2428568-a511-686c-00d2-304ea90de64b','Firm quote based on the description; can confirm on site.',305.00,now() - interval '31 days'),
('b1e83218-cd09-6acf-0d9f-de39b8ebb746','06aaf1f9-4858-3c1d-e8f4-81b03080b3f7','a2428568-a511-686c-00d2-304ea90de64b','Firm quote based on the description; can confirm on site.',455.00,now() - interval '14 days'),
('7b5559be-2007-3165-d056-57854d145a15','66671bd5-937b-7392-f0cd-87072d6d87d8','a57523e0-8640-60f4-45b8-97acfa3d179b','This covers a full visit and all parts needed.',230.00,now() - interval '2 days'),
('a9015e92-53f8-2b01-5373-66ea104dd008','b471dbb5-2730-bee5-2e70-344c19078cbe','a57523e0-8640-60f4-45b8-97acfa3d179b','This covers a full visit and all parts needed.',610.00,now() - interval '3 days'),
('101299bc-aadc-6dad-4856-092db926b643','fa87243e-faac-6b21-27e7-34bbb73cfc26','a57523e0-8640-60f4-45b8-97acfa3d179b','Happy to take this on, price includes labour and materials.',415.00,now() - interval '38 days'),
('e516cc5c-226a-f04d-2352-153c735080ac','66671bd5-937b-7392-f0cd-87072d6d87d8','3650bd08-4e0b-8986-01e5-8cc581c8b414','This covers a full visit and all parts needed.',430.00,now() - interval '22 days'),
('3cfb9661-51ab-6f7d-3e31-8caf0a077b86','b471dbb5-2730-bee5-2e70-344c19078cbe','1464c5b1-d95f-d484-8240-6ad4221cf6b8','This covers a full visit and all parts needed.',140.00,now() - interval '38 days'),
('24ef565f-6158-2b4e-75da-bd9a2d16bf9b','27ac788e-d014-903b-a552-ade009e535fd','1464c5b1-d95f-d484-8240-6ad4221cf6b8','Firm quote based on the description; can confirm on site.',455.00,now() - interval '59 days'),
('2f9eea4f-a2b7-96ba-7306-377dcbbc36a4','e5f5bcaf-8ae1-87ba-a0a1-8fb998cdee6e','1464c5b1-d95f-d484-8240-6ad4221cf6b8','This covers a full visit and all parts needed.',525.00,now() - interval '53 days'),
('1cf7343f-2edc-c099-5e4b-84f5860d66e8','b471dbb5-2730-bee5-2e70-344c19078cbe','05e66141-4faf-909d-d75f-7ea92b2e8a0d','Firm quote based on the description; can confirm on site.',150.00,now() - interval '11 days'),
('14dbc36d-0ed0-df6b-5add-7e1a47316773','2d9ea313-fbe6-cd34-e469-150e555b54e9','05e66141-4faf-909d-d75f-7ea92b2e8a0d','Firm quote based on the description; can confirm on site.',365.00,now() - interval '5 days'),
('a7d30f68-4e6a-5514-41d5-b8d30001a064','eb3627bd-d7a5-a69d-2046-5c164954ac0a','d8aeb9f8-8f0c-0d9d-49b6-8475848c06f5','This covers a full visit and all parts needed.',775.00,now() - interval '5 days'),
('bf8ea525-ab36-8fd7-4f04-69508c12dd44','3f2609c7-ed4e-f514-0767-6783a39d3d1d','81fceed2-7b69-a7a7-11e4-3088433f19b2','This covers a full visit and all parts needed.',540.00,now() - interval '37 days'),
('c90f4c43-7e0e-7622-83f0-095f3f123472','5050c90c-a260-674a-30ef-5d61ae84658c','81fceed2-7b69-a7a7-11e4-3088433f19b2','Firm quote based on the description; can confirm on site.',600.00,now() - interval '32 days'),
('bdb472c1-b4ec-af83-053c-601365439d54','3f2609c7-ed4e-f514-0767-6783a39d3d1d','699c1603-d18a-4f46-595b-62dc123c0cf1','Firm quote based on the description; can confirm on site.',680.00,now() - interval '53 days'),
('7475413a-521c-8b34-8afd-b196340d32c4','66671bd5-937b-7392-f0cd-87072d6d87d8','699c1603-d18a-4f46-595b-62dc123c0cf1','This covers a full visit and all parts needed.',145.00,now() - interval '63 days'),
('742b7a8e-bfc1-447a-ba8f-55c1413408f3','9cfe229c-80d0-bcc3-57b6-07a09c2804a1','699c1603-d18a-4f46-595b-62dc123c0cf1','Happy to take this on, price includes labour and materials.',210.00,now() - interval '42 days'),
('8413bf98-3b56-5b70-4f1a-0e1141218247','9cfe229c-80d0-bcc3-57b6-07a09c2804a1','b39bfdce-1858-c4ef-cd91-94cbd21aa8a3','Happy to take this on, price includes labour and materials.',625.00,now() - interval '0 days'),
('ac8ba550-fad5-0641-296d-4df74b39307f','fa87243e-faac-6b21-27e7-34bbb73cfc26','b39bfdce-1858-c4ef-cd91-94cbd21aa8a3','Firm quote based on the description; can confirm on site.',150.00,now() - interval '1 days'),
('4bf6f6f4-0170-393d-4f34-d867db97f476','66671bd5-937b-7392-f0cd-87072d6d87d8','72fe8f7d-3b2a-af3a-110a-5bde24e6e9a4','This covers a full visit and all parts needed.',405.00,now() - interval '8 days'),
('0dfd9591-eaa8-74dc-140d-683f6dbc79dc','eb3627bd-d7a5-a69d-2046-5c164954ac0a','72fe8f7d-3b2a-af3a-110a-5bde24e6e9a4','This covers a full visit and all parts needed.',680.00,now() - interval '20 days'),
('9a6e272d-eaef-230c-b5e9-111828323e34','d3977501-9f0c-4a98-64a5-e99112287332','72fe8f7d-3b2a-af3a-110a-5bde24e6e9a4','Firm quote based on the description; can confirm on site.',315.00,now() - interval '18 days'),
('31c20037-92cf-d101-9d0c-7c51acd2a7a4','8b447284-c32b-9eb6-074d-38e6a4091e64','9278d37e-bf14-0cc6-9b25-0016830d147f','This covers a full visit and all parts needed.',340.00,now() - interval '13 days');

INSERT INTO worka_payments ("PaymentId", "JobId", "QuoteId", "CustomerId", "ProfessionalId", "StripeCheckoutSessionId", "StripePaymentIntentId", "StripeConnectedAccountId", "QuoteAmount", "ServiceFeeAmount", "TotalAmount", "WorkerAmount", "Currency", "Status", "CreatedAt", "UpdatedAt") VALUES
('75e7f201-30f9-18d9-0121-f560a8906b6e','fe7f7740-e0d1-fac9-7b79-84173be41474','1160317d-fb32-9a76-218e-072f972bc851','3651192b-4f2a-cbf1-768f-f41848cf5e97','27ac788e-d014-903b-a552-ade009e535fd','cs_seed_75e7f201-30f','pi_seed_75e7f201-30f','acct_seed_1',150.00,15.00,165.00,150.00,'gbp','paid',now() - interval '20 days',now() - interval '20 days'),
('61f55682-166c-1642-2c18-40d1f1780db1','cf82db14-3439-45f8-000a-36ab574df2bc','45aa976f-3a10-9102-8632-c1eb47c13dc1','a2e2fd8a-8c57-8a5c-fcc4-f353211d3b2f','2d9ea313-fbe6-cd34-e469-150e555b54e9','cs_seed_61f55682-166','pi_seed_61f55682-166','acct_seed_14',600.00,60.00,660.00,600.00,'eur','paid',now() - interval '1 days',now() - interval '1 days'),
('38ce94c8-71ad-c436-ef68-22c5e1019841','5a91458c-4bec-b2e9-0f9e-83e8b2a2c089','e2d2c619-30ee-db66-962c-e868cb994e50','b2a95083-cb80-82b7-17b8-c194f838f7c6','8b447284-c32b-9eb6-074d-38e6a4091e64','cs_seed_38ce94c8-71a','pi_seed_38ce94c8-71a','acct_seed_16',705.00,70.50,775.50,705.00,'gbp','paid',now() - interval '52 days',now() - interval '52 days'),
('57d217f4-a135-8c03-3b67-c82b4998429e','3bca1d9c-8371-2eed-d0aa-4c6381f0b93c','080d852e-f972-47cb-3bf6-19988ff7b0ed','051bde50-785e-d62a-cf44-2217f2235532','8b447284-c32b-9eb6-074d-38e6a4091e64','cs_seed_57d217f4-a13','pi_seed_57d217f4-a13','acct_seed_16',755.00,75.50,830.50,755.00,'eur','paid',now() - interval '11 days',now() - interval '11 days'),
('73a15e55-cbc0-97f3-2c1f-115bf9a25126','199724ae-d630-2465-d124-b8a25c1b3879','0abb9f3a-ae65-6ead-99ba-9beb1388de1c','9ed48791-f5c6-115f-ffa6-fb2291ffdede','eb3627bd-d7a5-a69d-2046-5c164954ac0a','cs_seed_73a15e55-cbc','pi_seed_73a15e55-cbc','acct_seed_0',495.00,49.50,544.50,495.00,'gbp','paid',now() - interval '11 days',now() - interval '11 days'),
('150743fd-c6dc-02f3-c5c8-5a6885820630','7aca022f-264e-0d04-4e18-3c318560fc37','e24c34f8-11e2-e31a-14b3-bf790852e6bf','051bde50-785e-d62a-cf44-2217f2235532','b9684ad2-9ed0-6bf7-a5ee-fc3797b0fec8','cs_seed_150743fd-c6d','pi_seed_150743fd-c6d','acct_seed_6',80.00,8.00,88.00,80.00,'eur','paid',now() - interval '35 days',now() - interval '35 days'),
('67ab2684-3fde-c9b9-d666-092423186a8f','026f5179-6bfa-3876-d5e1-cc96dc8cdd98','5de0fb5b-3312-eca6-be46-8c268d2023eb','d2a94ba2-b839-f691-54ee-274eba89ff88','8b447284-c32b-9eb6-074d-38e6a4091e64','cs_seed_67ab2684-3fd','pi_seed_67ab2684-3fd','acct_seed_16',515.00,51.50,566.50,515.00,'gbp','paid',now() - interval '26 days',now() - interval '26 days'),
('b7cf7239-c0eb-1e25-767a-4dd8f960587c','5061d78e-94ce-1e8f-5a4e-e2e5fa4359ef','92bdcac2-0179-29e6-0a96-356a61f134ad','663bdd42-3ca0-2a16-a342-608cef156e44','78486db6-4558-baf0-dd97-39be046ed3ba','cs_seed_b7cf7239-c0e','pi_seed_b7cf7239-c0e','acct_seed_5',430.00,43.00,473.00,430.00,'gbp','paid',now() - interval '4 days',now() - interval '4 days'),
('ad4f0687-0bc5-e766-ebed-700d194d92d4','67feba26-bfe9-fd86-5197-5fbb66c054f9','5ab395a6-6002-fb78-1949-19f881f1d1b5','36c20bcc-2810-3a25-6376-cf5dba6ff2db','06ae77ea-3780-e855-246e-fa382325dd72','cs_seed_ad4f0687-0bc','pi_seed_ad4f0687-0bc','acct_seed_11',140.00,14.00,154.00,140.00,'gbp','paid',now() - interval '11 days',now() - interval '11 days'),
('2d49cf61-fdd4-01b3-a3f9-200b89205ea4','f00344d8-cba5-d00a-1708-afd722812d25','a021fc7c-e310-7b36-907c-96b02fb6b1f2','051bde50-785e-d62a-cf44-2217f2235532','06ae77ea-3780-e855-246e-fa382325dd72','cs_seed_2d49cf61-fdd','pi_seed_2d49cf61-fdd','acct_seed_11',210.00,21.00,231.00,210.00,'eur','paid',now() - interval '8 days',now() - interval '8 days'),
('6434dadc-7ab5-108f-1d62-cd087a9094b1','d3c6504e-1ee7-6413-efcb-e7dbfc4539fd','c0cd4b13-44ce-6f43-f23f-ac763f2020a1','9343ef5f-bc36-c2ba-4105-20bdc375e9bf','5050c90c-a260-674a-30ef-5d61ae84658c','cs_seed_6434dadc-7ab','pi_seed_6434dadc-7ab','acct_seed_7',295.00,29.50,324.50,295.00,'gbp','paid',now() - interval '8 days',now() - interval '8 days'),
('ca2bc95b-6600-260d-6ffd-929c8186e4df','8d5bb898-af05-f4a2-369e-4b68eb7724e3','c786325f-d715-c24c-cb22-f86cfaad6801','d2a94ba2-b839-f691-54ee-274eba89ff88','27ac788e-d014-903b-a552-ade009e535fd','cs_seed_ca2bc95b-660','pi_seed_ca2bc95b-660','acct_seed_1',690.00,69.00,759.00,690.00,'gbp','paid',now() - interval '53 days',now() - interval '53 days'),
('07af93f5-d6ca-3f67-c3f2-b3d709d4e7bf','5492ed16-dbd2-986a-b7a9-a90fbf8e87dc','2e14c135-9c41-db30-18d5-48b42bf2fb08','3651192b-4f2a-cbf1-768f-f41848cf5e97','06ae77ea-3780-e855-246e-fa382325dd72','cs_seed_07af93f5-d6c','pi_seed_07af93f5-d6c','acct_seed_11',300.00,30.00,330.00,300.00,'gbp','paid',now() - interval '30 days',now() - interval '30 days'),
('582db75e-7459-8b18-06e0-ea535b91f325','85f5ae95-cf93-9f4b-2bc1-360a083e81e0','bdcb5611-67f5-e23e-fe09-56f4ec578b11','28e8ecbf-fb23-c87e-4f26-db53e5afd133','27ac788e-d014-903b-a552-ade009e535fd','cs_seed_582db75e-745','pi_seed_582db75e-745','acct_seed_1',405.00,40.50,445.50,405.00,'gbp','paid',now() - interval '27 days',now() - interval '27 days'),
('34723e36-5463-4d40-7a41-924b0c1af432','e970aa61-ab54-c7f8-3130-eb76cb942587','635c2b1d-1000-b023-77cc-fbd66f733f4b','9ed48791-f5c6-115f-ffa6-fb2291ffdede','8b447284-c32b-9eb6-074d-38e6a4091e64','cs_seed_34723e36-546','pi_seed_34723e36-546','acct_seed_16',645.00,64.50,709.50,645.00,'gbp','paid',now() - interval '28 days',now() - interval '28 days'),
('c92a0286-c345-1be8-bf7a-84ca01c5ad5d','65f5036d-0d97-a3ce-69b9-f18a6bd9c65a','54143dc4-67da-21c4-eacb-72b9fa4f6c7e','051bde50-785e-d62a-cf44-2217f2235532','eb3627bd-d7a5-a69d-2046-5c164954ac0a','cs_seed_c92a0286-c34','pi_seed_c92a0286-c34','acct_seed_0',805.00,80.50,885.50,805.00,'eur','paid',now() - interval '70 days',now() - interval '70 days'),
('ec16e5c9-30cb-088b-b168-5de9c9e607ce','abb50f33-20ea-9e64-38a1-259a12792024','8506d4c5-49df-e72a-ef3b-f17472d3828e','9343ef5f-bc36-c2ba-4105-20bdc375e9bf','3f2609c7-ed4e-f514-0767-6783a39d3d1d','cs_seed_ec16e5c9-30c','pi_seed_ec16e5c9-30c','acct_seed_12',685.00,68.50,753.50,685.00,'gbp','paid',now() - interval '5 days',now() - interval '5 days'),
('035304bd-4c7a-6bcd-8b6c-6ef7f5cbd28e','cdfb3ffe-a515-5111-875a-cb6d758d52c5','7fc49696-6332-8f0a-232f-be9573db3549','f5bfffe6-e9d0-4d85-706b-d858c7e6d7aa','9cfe229c-80d0-bcc3-57b6-07a09c2804a1','cs_seed_035304bd-4c7','pi_seed_035304bd-4c7','acct_seed_9',725.00,72.50,797.50,725.00,'gbp','paid',now() - interval '0 days',now() - interval '0 days'),
('8c2614d5-be85-5e32-434f-e539c3ea56bc','3cda11ac-6dd9-2f6a-2522-58e56b4eaefd','3f29fba3-fa98-9361-ca1c-36c80d3b5538','b2a95083-cb80-82b7-17b8-c194f838f7c6','78486db6-4558-baf0-dd97-39be046ed3ba','cs_seed_8c2614d5-be8','pi_seed_8c2614d5-be8','acct_seed_5',335.00,33.50,368.50,335.00,'gbp','paid',now() - interval '2 days',now() - interval '2 days'),
('1e67795c-f26d-6f1d-d65f-3f5ed4a03096','87295ae4-6eeb-2615-fec4-eb9917a93f92','3ad69b6f-41ad-f7be-e086-948e6af62b68','d340c4b1-5327-c546-cce6-d09ce6c69355','fa87243e-faac-6b21-27e7-34bbb73cfc26','cs_seed_1e67795c-f26','pi_seed_1e67795c-f26','acct_seed_13',375.00,37.50,412.50,375.00,'eur','paid',now() - interval '15 days',now() - interval '15 days'),
('d4ff0e1f-642e-4620-2bce-661d72bc4afa','09436fe5-3d2b-ae73-01ac-2da0d48a6381','5502fb5c-bc1e-2e36-cedc-f7c88606ca95','fc9f4202-f86d-c5b7-675d-d86243b54c7a','06aaf1f9-4858-3c1d-e8f4-81b03080b3f7','cs_seed_d4ff0e1f-642','pi_seed_d4ff0e1f-642','acct_seed_8',435.00,43.50,478.50,435.00,'eur','paid',now() - interval '35 days',now() - interval '35 days'),
('eace193a-506c-a0c3-661f-4dfb37f80e51','c597fbe6-16cc-50dd-3a4b-e1010aac6af2','1d4d68d4-c374-7ac2-eaab-ea7f1fa93b14','9ed48791-f5c6-115f-ffa6-fb2291ffdede','00c35863-9938-381f-6de8-6716d1a72be5','cs_seed_eace193a-506','pi_seed_eace193a-506','acct_seed_15',90.00,9.00,99.00,90.00,'gbp','paid',now() - interval '27 days',now() - interval '27 days'),
('7ccfd559-37df-fe3b-b4e7-6c7b5b20cb74','a2a6bcfa-698b-0b2f-82a7-d4a0ed78bf50','09c77cdd-bce3-89e7-4209-fa08a3192a65','fc9f4202-f86d-c5b7-675d-d86243b54c7a','06aaf1f9-4858-3c1d-e8f4-81b03080b3f7','cs_seed_7ccfd559-37d','pi_seed_7ccfd559-37d','acct_seed_8',695.00,69.50,764.50,695.00,'eur','paid',now() - interval '95 days',now() - interval '95 days'),
('191aeeaa-054b-72be-7d1d-a8790dff77db','81735cbd-6560-0edb-e163-25d7b44080df','2cd021c5-23c8-9e04-e2d1-9936be9e410a','6389b13b-6db4-d388-21e5-d8c10362b41d','b9684ad2-9ed0-6bf7-a5ee-fc3797b0fec8','cs_seed_191aeeaa-054','pi_seed_191aeeaa-054','acct_seed_6',240.00,24.00,264.00,240.00,'gbp','paid',now() - interval '58 days',now() - interval '58 days'),
('cd5433f6-ab67-983b-7ff8-9454037854cf','c6c990ca-5a9b-fac9-b1b7-c1d039b4c1b8','1cd61986-4dce-115f-d1b2-e8706180fb43','36c20bcc-2810-3a25-6376-cf5dba6ff2db','2d9ea313-fbe6-cd34-e469-150e555b54e9','cs_seed_cd5433f6-ab6','pi_seed_cd5433f6-ab6','acct_seed_14',405.00,40.50,445.50,405.00,'gbp','paid',now() - interval '12 days',now() - interval '12 days'),
('bb48bb94-b2df-59a9-2707-168a17dc626d','1acf0ca6-cef3-9548-d599-1bcef759d1b9','9cbd36f3-4c80-3ab0-8250-b9b6b9801023','3651192b-4f2a-cbf1-768f-f41848cf5e97','5050c90c-a260-674a-30ef-5d61ae84658c','cs_seed_bb48bb94-b2d','pi_seed_bb48bb94-b2d','acct_seed_7',300.00,30.00,330.00,300.00,'gbp','paid',now() - interval '47 days',now() - interval '47 days'),
('f93f9b8f-9238-1edc-ac82-5f93275256b8','62a2fe73-fc64-ff55-229a-8ddc64ddcb84','841c3f77-356a-1eb8-f68d-08e8bcdb971e','f5bfffe6-e9d0-4d85-706b-d858c7e6d7aa','3f2609c7-ed4e-f514-0767-6783a39d3d1d','cs_seed_f93f9b8f-923','pi_seed_f93f9b8f-923','acct_seed_12',515.00,51.50,566.50,515.00,'gbp','paid',now() - interval '67 days',now() - interval '67 days'),
('cda73788-e8c3-a195-74eb-c6cb5bab9625','ef5d7c5d-8ad6-d336-e8aa-95bc86d38a02','dfbfc66f-5e8e-8fe2-7faa-52eda8231d06','9ed48791-f5c6-115f-ffa6-fb2291ffdede','8b447284-c32b-9eb6-074d-38e6a4091e64','cs_seed_cda73788-e8c','pi_seed_cda73788-e8c','acct_seed_16',720.00,72.00,792.00,720.00,'gbp','paid',now() - interval '79 days',now() - interval '79 days'),
('e90ccc8e-e29b-e049-7a5a-cd472ab8f782','07bb2c37-eb71-3036-3a6c-1c168ac7c170','5c089f44-6ba6-b26a-f006-22487fbb7377','28e8ecbf-fb23-c87e-4f26-db53e5afd133','27ac788e-d014-903b-a552-ade009e535fd','cs_seed_e90ccc8e-e29','pi_seed_e90ccc8e-e29','acct_seed_1',345.00,34.50,379.50,345.00,'gbp','paid',now() - interval '1 days',now() - interval '1 days'),
('d184b22c-010a-1d3f-abc7-e06a55433285','4e2c0f3a-1fd0-4995-2a10-a9bc37d1ea65','8d6472f6-3f19-ee26-8a0d-40ca7daa805e','28e8ecbf-fb23-c87e-4f26-db53e5afd133','eb3627bd-d7a5-a69d-2046-5c164954ac0a','cs_seed_d184b22c-010','pi_seed_d184b22c-010','acct_seed_0',590.00,59.00,649.00,590.00,'gbp','paid',now() - interval '0 days',now() - interval '0 days'),
('319c48c6-11b6-7686-0a71-adc1e66f6c8b','2777da40-3ca8-d799-64d8-92bf878de67f','ffed6c60-aa1c-52c6-ca8d-19eb6cf7fa0f','663bdd42-3ca0-2a16-a342-608cef156e44','06ae77ea-3780-e855-246e-fa382325dd72','cs_seed_319c48c6-11b','pi_seed_319c48c6-11b','acct_seed_11',120.00,12.00,132.00,120.00,'gbp','paid',now() - interval '5 days',now() - interval '5 days'),
('11ea81af-2345-4423-46dc-0a97b6cd7960','9d694356-198a-ad48-966b-21ebcad7ccf6','dc7f48c0-9625-cff8-3ed0-22ce40435cbc','23566950-18b3-9baf-e3fe-72532a79a802','5050c90c-a260-674a-30ef-5d61ae84658c','cs_seed_11ea81af-234','pi_seed_11ea81af-234','acct_seed_7',510.00,51.00,561.00,510.00,'gbp','paid',now() - interval '28 days',now() - interval '28 days'),
('0b091a5a-2e99-cf3d-1261-eba5cc86237d','2f262ebc-3116-8b2a-3d54-b898a5737d15','ddb36493-842a-9715-ff57-e013d912d964','3651192b-4f2a-cbf1-768f-f41848cf5e97','9cfe229c-80d0-bcc3-57b6-07a09c2804a1','cs_seed_0b091a5a-2e9','pi_seed_0b091a5a-2e9','acct_seed_9',460.00,46.00,506.00,460.00,'gbp','paid',now() - interval '37 days',now() - interval '37 days'),
('c8cbbef6-16f6-4afc-ccd0-4b8d8ff544ef','942f3d1a-edfd-89d1-1ca4-a7062f913a61','91bb9dea-9dd9-b9bf-98e3-4da25a90e07d','b57f784c-86b6-c5a9-4e72-fcb11287a94f','eb3627bd-d7a5-a69d-2046-5c164954ac0a','cs_seed_c8cbbef6-16f','pi_seed_c8cbbef6-16f','acct_seed_0',170.00,17.00,187.00,170.00,'eur','paid',now() - interval '58 days',now() - interval '58 days'),
('3d051f38-a06d-7508-9378-6cda4d17aa96','9199cf2c-fdbe-8175-361c-0cf421be9610','55708f92-e726-3437-9e02-04b947a37d3b','36c20bcc-2810-3a25-6376-cf5dba6ff2db','b9684ad2-9ed0-6bf7-a5ee-fc3797b0fec8','cs_seed_3d051f38-a06','pi_seed_3d051f38-a06','acct_seed_6',520.00,52.00,572.00,520.00,'gbp','paid',now() - interval '9 days',now() - interval '9 days'),
('657cce26-0982-1e5c-4ade-47f93cde4e5f','1323aea8-6fa9-45d0-21cd-074f0729a5f2','71c594a7-a625-9b74-62fa-a24ee3a7f5f1','051bde50-785e-d62a-cf44-2217f2235532','9cfe229c-80d0-bcc3-57b6-07a09c2804a1','cs_seed_657cce26-098','pi_seed_657cce26-098','acct_seed_9',405.00,40.50,445.50,405.00,'eur','paid',now() - interval '1 days',now() - interval '1 days'),
('d2923fb8-d16e-5c7a-e448-d53437d3b2df','a2428568-a511-686c-00d2-304ea90de64b','91d3687a-4051-a2ca-6217-7a173ef69cfd','fc9f4202-f86d-c5b7-675d-d86243b54c7a','e5f5bcaf-8ae1-87ba-a0a1-8fb998cdee6e','cs_seed_d2923fb8-d16','pi_seed_d2923fb8-d16','acct_seed_2',305.00,30.50,335.50,305.00,'eur','paid',now() - interval '12 days',now() - interval '12 days'),
('6b88d1df-6c73-34cc-98e4-297b0907d2ce','a57523e0-8640-60f4-45b8-97acfa3d179b','101299bc-aadc-6dad-4856-092db926b643','d2a94ba2-b839-f691-54ee-274eba89ff88','fa87243e-faac-6b21-27e7-34bbb73cfc26','cs_seed_6b88d1df-6c7','pi_seed_6b88d1df-6c7','acct_seed_13',415.00,41.50,456.50,415.00,'gbp','paid',now() - interval '1 days',now() - interval '1 days'),
('0a8fa7f8-c693-d6a7-3b03-5c3c09ee1245','1464c5b1-d95f-d484-8240-6ad4221cf6b8','3cfb9661-51ab-6f7d-3e31-8caf0a077b86','3651192b-4f2a-cbf1-768f-f41848cf5e97','b471dbb5-2730-bee5-2e70-344c19078cbe','cs_seed_0a8fa7f8-c69','pi_seed_0a8fa7f8-c69','acct_seed_3',140.00,14.00,154.00,140.00,'gbp','paid',now() - interval '5 days',now() - interval '5 days'),
('0b6f76b6-81bd-a98b-551c-a79574156112','05e66141-4faf-909d-d75f-7ea92b2e8a0d','14dbc36d-0ed0-df6b-5add-7e1a47316773','9ed48791-f5c6-115f-ffa6-fb2291ffdede','2d9ea313-fbe6-cd34-e469-150e555b54e9','cs_seed_0b6f76b6-81b','pi_seed_0b6f76b6-81b','acct_seed_14',365.00,36.50,401.50,365.00,'gbp','paid',now() - interval '4 days',now() - interval '4 days'),
('1b343e40-8bcc-6d9f-04a1-6cc2ca567818','d8aeb9f8-8f0c-0d9d-49b6-8475848c06f5','a7d30f68-4e6a-5514-41d5-b8d30001a064','36c20bcc-2810-3a25-6376-cf5dba6ff2db','eb3627bd-d7a5-a69d-2046-5c164954ac0a','cs_seed_1b343e40-8bc','pi_seed_1b343e40-8bc','acct_seed_0',775.00,77.50,852.50,775.00,'gbp','paid',now() - interval '8 days',now() - interval '8 days'),
('24ad8448-e706-bb43-01c1-0690e19f4e52','81fceed2-7b69-a7a7-11e4-3088433f19b2','c90f4c43-7e0e-7622-83f0-095f3f123472','ad974db2-b2f0-b62d-8aba-559788087dfe','5050c90c-a260-674a-30ef-5d61ae84658c','cs_seed_24ad8448-e70','pi_seed_24ad8448-e70','acct_seed_7',600.00,60.00,660.00,600.00,'eur','paid',now() - interval '15 days',now() - interval '15 days'),
('2571137e-8337-eedb-553d-a977e36363d4','699c1603-d18a-4f46-595b-62dc123c0cf1','7475413a-521c-8b34-8afd-b196340d32c4','663bdd42-3ca0-2a16-a342-608cef156e44','66671bd5-937b-7392-f0cd-87072d6d87d8','cs_seed_2571137e-833','pi_seed_2571137e-833','acct_seed_17',145.00,14.50,159.50,145.00,'gbp','paid',now() - interval '55 days',now() - interval '55 days'),
('419c62f2-e3cb-001c-4f9a-c0f05d426a97','b39bfdce-1858-c4ef-cd91-94cbd21aa8a3','ac8ba550-fad5-0641-296d-4df74b39307f','36c20bcc-2810-3a25-6376-cf5dba6ff2db','fa87243e-faac-6b21-27e7-34bbb73cfc26','cs_seed_419c62f2-e3c','pi_seed_419c62f2-e3c','acct_seed_13',150.00,15.00,165.00,150.00,'gbp','paid',now() - interval '17 days',now() - interval '17 days'),
('677edbdd-9f85-ede8-1d33-6cf203de241a','72fe8f7d-3b2a-af3a-110a-5bde24e6e9a4','4bf6f6f4-0170-393d-4f34-d867db97f476','7e7704e6-83d8-4c65-796e-020d97ab834f','66671bd5-937b-7392-f0cd-87072d6d87d8','cs_seed_677edbdd-9f8','pi_seed_677edbdd-9f8','acct_seed_17',405.00,40.50,445.50,405.00,'gbp','paid',now() - interval '33 days',now() - interval '33 days'),
('9466428a-ee10-e53b-fdbb-1acd6cfab295','9278d37e-bf14-0cc6-9b25-0016830d147f','31c20037-92cf-d101-9d0c-7c51acd2a7a4','23566950-18b3-9baf-e3fe-72532a79a802','8b447284-c32b-9eb6-074d-38e6a4091e64','cs_seed_9466428a-ee1','pi_seed_9466428a-ee1','acct_seed_16',340.00,34.00,374.00,340.00,'gbp','paid',now() - interval '6 days',now() - interval '6 days');

INSERT INTO reviews ("ReviewId", "JobId", "CustomerId", "ProfessionalId", "Rating", "Comment", "CreatedAt") VALUES
('614210b5-cebe-4a9c-09f5-7f0dfd0f919b','fe7f7740-e0d1-fac9-7b79-84173be41474','3651192b-4f2a-cbf1-768f-f41848cf5e97','27ac788e-d014-903b-a552-ade009e535fd',4,'Good job overall, a little late but the work was solid.',now() - interval '77 days'),
('a9f09680-507a-ebd5-1c79-b545f69169a9','5a91458c-4bec-b2e9-0f9e-83e8b2a2c089','b2a95083-cb80-82b7-17b8-c194f838f7c6','8b447284-c32b-9eb6-074d-38e6a4091e64',5,'Fantastic — went above and beyond what I expected.',now() - interval '111 days'),
('00327eaa-7e92-c9f2-622d-fa1fe5ce12d2','3bca1d9c-8371-2eed-d0aa-4c6381f0b93c','051bde50-785e-d62a-cf44-2217f2235532','8b447284-c32b-9eb6-074d-38e6a4091e64',4,'Did exactly what was asked, no fuss.',now() - interval '49 days'),
('bfe1c173-f242-5c79-24b2-e33b7e0207ef','199724ae-d630-2465-d124-b8a25c1b3879','9ed48791-f5c6-115f-ffa6-fb2291ffdede','eb3627bd-d7a5-a69d-2046-5c164954ac0a',4,'Happy with the finish, communication could have been better.',now() - interval '66 days'),
('058f2f31-8b39-dd1a-0d79-a7c42745b44d','7aca022f-264e-0d04-4e18-3c318560fc37','051bde50-785e-d62a-cf44-2217f2235532','b9684ad2-9ed0-6bf7-a5ee-fc3797b0fec8',4,'Happy with the finish, communication could have been better.',now() - interval '38 days'),
('18509b04-4351-d023-45e1-2b7dd615d209','026f5179-6bfa-3876-d5e1-cc96dc8cdd98','d2a94ba2-b839-f691-54ee-274eba89ff88','8b447284-c32b-9eb6-074d-38e6a4091e64',5,'Professional and friendly, fair price for the quality.',now() - interval '89 days'),
('1464f5f2-9942-fa08-0e79-90094e3e6a3f','5492ed16-dbd2-986a-b7a9-a90fbf8e87dc','3651192b-4f2a-cbf1-768f-f41848cf5e97','06ae77ea-3780-e855-246e-fa382325dd72',5,'Excellent work, turned up on time and left everything spotless.',now() - interval '100 days'),
('be85e26a-c7e4-212d-f3f5-4a8d24b2ed1e','87295ae4-6eeb-2615-fec4-eb9917a93f92','d340c4b1-5327-c546-cce6-d09ce6c69355','fa87243e-faac-6b21-27e7-34bbb73cfc26',5,'Sorted a tricky problem quickly. Highly recommended.',now() - interval '71 days'),
('29545e91-26cd-32e4-3f4e-193086f2c96f','a2a6bcfa-698b-0b2f-82a7-d4a0ed78bf50','fc9f4202-f86d-c5b7-675d-d86243b54c7a','06aaf1f9-4858-3c1d-e8f4-81b03080b3f7',5,'Excellent work, turned up on time and left everything spotless.',now() - interval '96 days'),
('d252e558-003e-d2f9-9f34-12673f3f5925','c6c990ca-5a9b-fac9-b1b7-c1d039b4c1b8','36c20bcc-2810-3a25-6376-cf5dba6ff2db','2d9ea313-fbe6-cd34-e469-150e555b54e9',4,'Good job overall, a little late but the work was solid.',now() - interval '56 days'),
('322875aa-8546-ad86-a232-5cd0372fd3ce','1acf0ca6-cef3-9548-d599-1bcef759d1b9','3651192b-4f2a-cbf1-768f-f41848cf5e97','5050c90c-a260-674a-30ef-5d61ae84658c',4,'Happy with the finish, communication could have been better.',now() - interval '63 days'),
('b127a319-3c90-519b-e058-a181ac7e62cb','62a2fe73-fc64-ff55-229a-8ddc64ddcb84','f5bfffe6-e9d0-4d85-706b-d858c7e6d7aa','3f2609c7-ed4e-f514-0767-6783a39d3d1d',5,'Really pleased with the result, would definitely use again.',now() - interval '91 days'),
('dc1794df-dfc3-84c9-919f-e12f2645f525','ef5d7c5d-8ad6-d336-e8aa-95bc86d38a02','9ed48791-f5c6-115f-ffa6-fb2291ffdede','8b447284-c32b-9eb6-074d-38e6a4091e64',4,'Happy with the finish, communication could have been better.',now() - interval '107 days'),
('01939298-8b2f-be52-7314-26a5a82b1b6d','2777da40-3ca8-d799-64d8-92bf878de67f','663bdd42-3ca0-2a16-a342-608cef156e44','06ae77ea-3780-e855-246e-fa382325dd72',5,'Excellent work, turned up on time and left everything spotless.',now() - interval '79 days'),
('0db2a539-0931-f2a1-0ad3-83c89aec7861','9d694356-198a-ad48-966b-21ebcad7ccf6','23566950-18b3-9baf-e3fe-72532a79a802','5050c90c-a260-674a-30ef-5d61ae84658c',5,'Excellent work, turned up on time and left everything spotless.',now() - interval '105 days'),
('fdfbd95c-a3bf-f57a-7662-a03278b49bc2','1323aea8-6fa9-45d0-21cd-074f0729a5f2','051bde50-785e-d62a-cf44-2217f2235532','9cfe229c-80d0-bcc3-57b6-07a09c2804a1',5,'Professional and friendly, fair price for the quality.',now() - interval '102 days'),
('0564d637-c131-8f12-f9ba-c77ea8cfc0f9','a2428568-a511-686c-00d2-304ea90de64b','fc9f4202-f86d-c5b7-675d-d86243b54c7a','e5f5bcaf-8ae1-87ba-a0a1-8fb998cdee6e',5,'Really pleased with the result, would definitely use again.',now() - interval '70 days'),
('24045d29-f458-8cdd-1ddf-12d185ce2acd','1464c5b1-d95f-d484-8240-6ad4221cf6b8','3651192b-4f2a-cbf1-768f-f41848cf5e97','b471dbb5-2730-bee5-2e70-344c19078cbe',5,'Excellent work, turned up on time and left everything spotless.',now() - interval '65 days'),
('22ae9593-8da7-d466-429d-9ee003d57345','81fceed2-7b69-a7a7-11e4-3088433f19b2','ad974db2-b2f0-b62d-8aba-559788087dfe','5050c90c-a260-674a-30ef-5d61ae84658c',5,'Fantastic — went above and beyond what I expected.',now() - interval '41 days');

INSERT INTO job_messages ("JobMessageId", "JobId", "ProfessionalId", "SenderUserId", "Body", "CreatedAt") VALUES
('6c539e31-f193-4e67-0602-52acea270092','fe7f7740-e0d1-fac9-7b79-84173be41474','27ac788e-d014-903b-a552-ade009e535fd','5182738d-2b4e-468c-0a94-0d999e4e400b','Thanks for the quote — does that include materials?',now() - interval '74 days'),
('19afd17b-4292-d0e7-9398-cad291bd25ae','fe7f7740-e0d1-fac9-7b79-84173be41474','27ac788e-d014-903b-a552-ade009e535fd','75d124aa-8a95-52b1-9bfa-aa375526c562','Thanks for considering me for the job!',now() - interval '75 days'),
('f2ebc1b2-3316-b19c-627f-3464006994c3','fe7f7740-e0d1-fac9-7b79-84173be41474','27ac788e-d014-903b-a552-ade009e535fd','5182738d-2b4e-468c-0a94-0d999e4e400b','Email me at contact@example.com and I''ll send photos.',now() - interval '76 days'),
('345299ab-4edd-a7a6-7eac-e7efe3657a0c','fe7f7740-e0d1-fac9-7b79-84173be41474','27ac788e-d014-903b-a552-ade009e535fd','75d124aa-8a95-52b1-9bfa-aa375526c562','No problem, I can work around your schedule.',now() - interval '77 days'),
('34e33ad6-d79d-7533-5545-2c78de8f7a05','fe7f7740-e0d1-fac9-7b79-84173be41474','27ac788e-d014-903b-a552-ade009e535fd','5182738d-2b4e-468c-0a94-0d999e4e400b','The address is 12 Baker Street if you want to swing by.',now() - interval '78 days'),
('2d075c8c-8e1d-b6e9-6dc1-99525dbaf2e4','cf82db14-3439-45f8-000a-36ab574df2bc','2d9ea313-fbe6-cd34-e469-150e555b54e9','a6aee05f-20e3-c5f2-2bce-607e633dc3b0','Whatsapp me on 07700 900123 if that''s easier.',now() - interval '40 days'),
('25bcb49f-763c-e23e-a025-f0a36134ba89','cf82db14-3439-45f8-000a-36ab574df2bc','2d9ea313-fbe6-cd34-e469-150e555b54e9','4af0d5f5-087a-a8f3-f55a-0f23ac272b53','That''s my best price given the materials involved.',now() - interval '41 days'),
('edb816e8-7598-c8a0-3319-4135facf70ab','cf82db14-3439-45f8-000a-36ab574df2bc','2d9ea313-fbe6-cd34-e469-150e555b54e9','a6aee05f-20e3-c5f2-2bce-607e633dc3b0','Whatsapp me on 07700 900123 if that''s easier.',now() - interval '42 days'),
('0921c4cc-0bbe-041c-1cb8-c3df39f69e46','cf82db14-3439-45f8-000a-36ab574df2bc','2d9ea313-fbe6-cd34-e469-150e555b54e9','4af0d5f5-087a-a8f3-f55a-0f23ac272b53','Hi, happy to help — I could come by this week to assess it.',now() - interval '43 days'),
('582ed161-f00c-0abc-d72b-ec832416f775','cf82db14-3439-45f8-000a-36ab574df2bc','2d9ea313-fbe6-cd34-e469-150e555b54e9','a6aee05f-20e3-c5f2-2bce-607e633dc3b0','Great, that works for me. What days are you around?',now() - interval '44 days'),
('b1885ac1-adbc-d04e-c3e9-e33c647f9f90','5a91458c-4bec-b2e9-0f9e-83e8b2a2c089','8b447284-c32b-9eb6-074d-38e6a4091e64','a9078d2a-4438-e883-ccfe-cfd357566b92','Email me at contact@example.com and I''ll send photos.',now() - interval '107 days'),
('49558e2f-e6d4-aedf-37b2-1fd0eedaf7fd','5a91458c-4bec-b2e9-0f9e-83e8b2a2c089','8b447284-c32b-9eb6-074d-38e6a4091e64','405821a3-fbab-f7eb-0d7b-88ccaaeb62b3','That''s my best price given the materials involved.',now() - interval '108 days'),
('f8202eef-67df-ab48-ab45-c0a01a1e29d6','5a91458c-4bec-b2e9-0f9e-83e8b2a2c089','8b447284-c32b-9eb6-074d-38e6a4091e64','a9078d2a-4438-e883-ccfe-cfd357566b92','You can reach me directly on 07911 123456.',now() - interval '109 days'),
('bb075b8d-faec-52ac-707c-9fac6e7d2eb6','5a91458c-4bec-b2e9-0f9e-83e8b2a2c089','8b447284-c32b-9eb6-074d-38e6a4091e64','405821a3-fbab-f7eb-0d7b-88ccaaeb62b3','Yes, the quote includes all materials and labour.',now() - interval '110 days'),
('50dd29d7-42f4-73b0-4dc6-f016de96fd98','5a91458c-4bec-b2e9-0f9e-83e8b2a2c089','8b447284-c32b-9eb6-074d-38e6a4091e64','a9078d2a-4438-e883-ccfe-cfd357566b92','We''re just off the high street, postcode SW1A 1AA.',now() - interval '111 days'),
('ad4526f6-1c7b-3f35-2790-48ba8a88aed5','5a91458c-4bec-b2e9-0f9e-83e8b2a2c089','8b447284-c32b-9eb6-074d-38e6a4091e64','405821a3-fbab-f7eb-0d7b-88ccaaeb62b3','I have availability Thursday or Friday morning, does that suit?',now() - interval '112 days'),
('b6736d54-e3f7-9ff0-9e90-d32b1b12e867','199724ae-d630-2465-d124-b8a25c1b3879','eb3627bd-d7a5-a69d-2046-5c164954ac0a','d1082608-90b6-7822-87af-c933fa41a395','We''re just off the high street, postcode SW1A 1AA.',now() - interval '63 days'),
('14731012-a54e-162e-b713-e08a1058e27d','199724ae-d630-2465-d124-b8a25c1b3879','eb3627bd-d7a5-a69d-2046-5c164954ac0a','6bb63e4f-206f-a955-44e4-27174e381615','That''s my best price given the materials involved.',now() - interval '64 days'),
('88ce06e8-6c56-ef31-f3f3-bd3f2d84d2ed','199724ae-d630-2465-d124-b8a25c1b3879','eb3627bd-d7a5-a69d-2046-5c164954ac0a','d1082608-90b6-7822-87af-c933fa41a395','The address is 12 Baker Street if you want to swing by.',now() - interval '65 days'),
('33d8ca66-a88f-5f32-2d49-b9cb207f3c23','199724ae-d630-2465-d124-b8a25c1b3879','eb3627bd-d7a5-a69d-2046-5c164954ac0a','6bb63e4f-206f-a955-44e4-27174e381615','No problem, I can work around your schedule.',now() - interval '66 days'),
('eceb578b-b7df-0f84-6062-639685eae3f1','199724ae-d630-2465-d124-b8a25c1b3879','eb3627bd-d7a5-a69d-2046-5c164954ac0a','d1082608-90b6-7822-87af-c933fa41a395','We''re just off the high street, postcode SW1A 1AA.',now() - interval '67 days'),
('6a605b91-ff18-da87-1e82-57be96def7c9','dfe77540-6232-0053-b935-0ec0febaf88b','5050c90c-a260-674a-30ef-5d61ae84658c','99c07696-82fa-4f30-43eb-3cb2d8659116','Is the price negotiable at all?',now() - interval '43 days'),
('03911fc0-2431-3d3d-9341-0cedbea0d40e','dfe77540-6232-0053-b935-0ec0febaf88b','5050c90c-a260-674a-30ef-5d61ae84658c','532661b7-139b-0aa9-e58a-718fb88f9e3e','I''ll bring everything needed on the day.',now() - interval '44 days'),
('4f6f1851-a904-7f5c-867a-e7db2dcf41ce','dfe77540-6232-0053-b935-0ec0febaf88b','5050c90c-a260-674a-30ef-5d61ae84658c','99c07696-82fa-4f30-43eb-3cb2d8659116','Whatsapp me on 07700 900123 if that''s easier.',now() - interval '45 days'),
('6fbe2cc0-61bb-0a2b-17ce-bdc0bc277dc9','dfe77540-6232-0053-b935-0ec0febaf88b','5050c90c-a260-674a-30ef-5d61ae84658c','532661b7-139b-0aa9-e58a-718fb88f9e3e','No problem, I can work around your schedule.',now() - interval '46 days'),
('107fd283-a5fd-32a7-397d-594a168f8c66','b5d69816-efa8-5305-bb88-0b2c09263d90','5050c90c-a260-674a-30ef-5d61ae84658c','d1082608-90b6-7822-87af-c933fa41a395','Here are some photos: www.myphotos.example.com',now() - interval '0 days'),
('3798d31a-e5ae-ea98-d6b2-83cbd09dace7','b5d69816-efa8-5305-bb88-0b2c09263d90','5050c90c-a260-674a-30ef-5d61ae84658c','532661b7-139b-0aa9-e58a-718fb88f9e3e','Hi, happy to help — I could come by this week to assess it.',now() - interval '0 days'),
('0b0f65dd-0763-6c60-89b1-03f249882181','b5d69816-efa8-5305-bb88-0b2c09263d90','5050c90c-a260-674a-30ef-5d61ae84658c','d1082608-90b6-7822-87af-c933fa41a395','We''re just off the high street, postcode SW1A 1AA.',now() - interval '1 days'),
('91e45f31-f130-feef-19ba-a4d8cde097d8','b5d69816-efa8-5305-bb88-0b2c09263d90','5050c90c-a260-674a-30ef-5d61ae84658c','532661b7-139b-0aa9-e58a-718fb88f9e3e','Hi, happy to help — I could come by this week to assess it.',now() - interval '2 days'),
('7da398aa-54cc-38db-d9c0-cc4f82f59aa4','b5d69816-efa8-5305-bb88-0b2c09263d90','5050c90c-a260-674a-30ef-5d61ae84658c','d1082608-90b6-7822-87af-c933fa41a395','Great, that works for me. What days are you around?',now() - interval '3 days'),
('c404227f-712a-15f6-df66-8093b5c8b678','b5d69816-efa8-5305-bb88-0b2c09263d90','5050c90c-a260-674a-30ef-5d61ae84658c','532661b7-139b-0aa9-e58a-718fb88f9e3e','Hi, happy to help — I could come by this week to assess it.',now() - interval '4 days'),
('5ea52a63-a7c5-f70c-4134-d443a22d49e5','d4ba0e74-4689-f493-06e1-0c554f833f5c','eb3627bd-d7a5-a69d-2046-5c164954ac0a','a6aee05f-20e3-c5f2-2bce-607e633dc3b0','Thanks for the quote — does that include materials?',now() - interval '22 days'),
('abb28c71-db7c-4bc8-a954-86f3c6b76050','d4ba0e74-4689-f493-06e1-0c554f833f5c','eb3627bd-d7a5-a69d-2046-5c164954ac0a','6bb63e4f-206f-a955-44e4-27174e381615','I''ll send over a firm price once I''ve seen it in person.',now() - interval '23 days'),
('3ca7a2ff-d4b5-c2ef-0fea-ff74b208187e','d4ba0e74-4689-f493-06e1-0c554f833f5c','eb3627bd-d7a5-a69d-2046-5c164954ac0a','a6aee05f-20e3-c5f2-2bce-607e633dc3b0','You can reach me directly on 07911 123456.',now() - interval '24 days'),
('8745ec51-902e-c2e2-fceb-d515111b4c41','d4ba0e74-4689-f493-06e1-0c554f833f5c','eb3627bd-d7a5-a69d-2046-5c164954ac0a','6bb63e4f-206f-a955-44e4-27174e381615','Hi, happy to help — I could come by this week to assess it.',now() - interval '25 days'),
('e24b80bf-aed8-e582-4504-bec7aefcf801','d4ba0e74-4689-f493-06e1-0c554f833f5c','eb3627bd-d7a5-a69d-2046-5c164954ac0a','a6aee05f-20e3-c5f2-2bce-607e633dc3b0','The address is 12 Baker Street if you want to swing by.',now() - interval '26 days'),
('7927f7bd-53ab-6583-0edf-450e57f5c220','026f5179-6bfa-3876-d5e1-cc96dc8cdd98','8b447284-c32b-9eb6-074d-38e6a4091e64','7d0d8c45-82d3-8740-ee3d-5253a468283e','Is the price negotiable at all?',now() - interval '89 days'),
('77293d34-4a55-ef1f-4c21-763b6bae5c5d','026f5179-6bfa-3876-d5e1-cc96dc8cdd98','8b447284-c32b-9eb6-074d-38e6a4091e64','405821a3-fbab-f7eb-0d7b-88ccaaeb62b3','That''s my best price given the materials involved.',now() - interval '90 days'),
('8843ff96-4c6b-4a47-fe4c-272efe3bb866','5061d78e-94ce-1e8f-5a4e-e2e5fa4359ef','78486db6-4558-baf0-dd97-39be046ed3ba','4135be19-2cf1-f7f4-6a02-f1f5884fbebe','Whatsapp me on 07700 900123 if that''s easier.',now() - interval '40 days'),
('d3d971dc-69c8-bbe8-e3c2-28b86b12a919','5061d78e-94ce-1e8f-5a4e-e2e5fa4359ef','78486db6-4558-baf0-dd97-39be046ed3ba','d8afcb4e-65f2-4381-fbcf-cb6aa4bafdb5','I have availability Thursday or Friday morning, does that suit?',now() - interval '41 days'),
('84190847-cb6d-aba3-689b-8077db64534b','5061d78e-94ce-1e8f-5a4e-e2e5fa4359ef','78486db6-4558-baf0-dd97-39be046ed3ba','4135be19-2cf1-f7f4-6a02-f1f5884fbebe','The address is 12 Baker Street if you want to swing by.',now() - interval '42 days'),
('58e39922-633d-8168-fa1c-bde5c7c5d99d','5061d78e-94ce-1e8f-5a4e-e2e5fa4359ef','78486db6-4558-baf0-dd97-39be046ed3ba','d8afcb4e-65f2-4381-fbcf-cb6aa4bafdb5','Thanks for considering me for the job!',now() - interval '43 days'),
('405cce73-01ca-2c39-bfc8-4bba5baefbb0','5061d78e-94ce-1e8f-5a4e-e2e5fa4359ef','78486db6-4558-baf0-dd97-39be046ed3ba','4135be19-2cf1-f7f4-6a02-f1f5884fbebe','Here are some photos: www.myphotos.example.com',now() - interval '44 days'),
('0e5934a8-404a-f665-6cc6-2e76a7516fe9','5061d78e-94ce-1e8f-5a4e-e2e5fa4359ef','78486db6-4558-baf0-dd97-39be046ed3ba','d8afcb4e-65f2-4381-fbcf-cb6aa4bafdb5','Yes, the quote includes all materials and labour.',now() - interval '45 days'),
('9215f268-ea25-a33c-9068-eb954112796f','198cdd40-b9ce-22a3-0e8e-d700f7c4c3d4','9cfe229c-80d0-bcc3-57b6-07a09c2804a1','edabb645-94b2-6834-4d0c-d9b5cea93ddb','Is the price negotiable at all?',now() - interval '49 days'),
('cdebc9f2-bf17-5b71-ef7c-d03a2daafdad','198cdd40-b9ce-22a3-0e8e-d700f7c4c3d4','9cfe229c-80d0-bcc3-57b6-07a09c2804a1','eefa2344-a09e-9a26-c702-e329fe86c3c1','I''ll send over a firm price once I''ve seen it in person.',now() - interval '50 days'),
('6a28902c-3e8d-ce65-eb77-c611e3bf16a3','198cdd40-b9ce-22a3-0e8e-d700f7c4c3d4','9cfe229c-80d0-bcc3-57b6-07a09c2804a1','edabb645-94b2-6834-4d0c-d9b5cea93ddb','Whatsapp me on 07700 900123 if that''s easier.',now() - interval '51 days'),
('b0a5f051-37dc-a546-d12d-62dfefe64389','198cdd40-b9ce-22a3-0e8e-d700f7c4c3d4','9cfe229c-80d0-bcc3-57b6-07a09c2804a1','eefa2344-a09e-9a26-c702-e329fe86c3c1','Thanks for considering me for the job!',now() - interval '52 days'),
('b8e8b032-592a-c36e-02b9-eff75962dc03','fb87a37f-6908-8190-d34d-350f421f199e','2d9ea313-fbe6-cd34-e469-150e555b54e9','7cbe29b2-0110-5a18-d143-18fe759e02fd','The address is 12 Baker Street if you want to swing by.',now() - interval '40 days'),
('26a702f7-4b4f-feec-2cd9-f10226a8254b','fb87a37f-6908-8190-d34d-350f421f199e','2d9ea313-fbe6-cd34-e469-150e555b54e9','4af0d5f5-087a-a8f3-f55a-0f23ac272b53','I have availability Thursday or Friday morning, does that suit?',now() - interval '41 days'),
('eb29d021-dd23-5a68-c2fa-403a4c0255ea','fb87a37f-6908-8190-d34d-350f421f199e','2d9ea313-fbe6-cd34-e469-150e555b54e9','7cbe29b2-0110-5a18-d143-18fe759e02fd','The address is 12 Baker Street if you want to swing by.',now() - interval '42 days'),
('03fa74fc-43c2-e680-2562-10d40c1483a9','fb87a37f-6908-8190-d34d-350f421f199e','2d9ea313-fbe6-cd34-e469-150e555b54e9','4af0d5f5-087a-a8f3-f55a-0f23ac272b53','That''s my best price given the materials involved.',now() - interval '43 days'),
('e580cef8-13c9-849b-b3d8-f677d94ecd32','fb87a37f-6908-8190-d34d-350f421f199e','2d9ea313-fbe6-cd34-e469-150e555b54e9','7cbe29b2-0110-5a18-d143-18fe759e02fd','We''re just off the high street, postcode SW1A 1AA.',now() - interval '44 days'),
('c98b07db-0cab-54c3-72e4-c131a061d4dd','fb87a37f-6908-8190-d34d-350f421f199e','2d9ea313-fbe6-cd34-e469-150e555b54e9','4af0d5f5-087a-a8f3-f55a-0f23ac272b53','Hi, happy to help — I could come by this week to assess it.',now() - interval '45 days'),
('b10d3fdb-f8d5-0fd5-570c-c61f380d864a','f007695f-53fb-d80e-8c4d-5d8dcec2cd8c','06ae77ea-3780-e855-246e-fa382325dd72','edabb645-94b2-6834-4d0c-d9b5cea93ddb','Thanks for the quote — does that include materials?',now() - interval '7 days'),
('1bc902c2-f277-99b5-fa70-e8288f791bee','f007695f-53fb-d80e-8c4d-5d8dcec2cd8c','06ae77ea-3780-e855-246e-fa382325dd72','26e01d35-5c66-bdee-2291-0ec7b055b5ba','No problem, I can work around your schedule.',now() - interval '8 days'),
('3b240ab8-0a0a-c6e4-1ded-a469c8e072b0','f007695f-53fb-d80e-8c4d-5d8dcec2cd8c','06ae77ea-3780-e855-246e-fa382325dd72','edabb645-94b2-6834-4d0c-d9b5cea93ddb','Hi, when would you be free to come and take a look?',now() - interval '9 days'),
('29eef31b-ed15-cba8-fbda-abd65b8bded8','f007695f-53fb-d80e-8c4d-5d8dcec2cd8c','06ae77ea-3780-e855-246e-fa382325dd72','26e01d35-5c66-bdee-2291-0ec7b055b5ba','Hi, happy to help — I could come by this week to assess it.',now() - interval '10 days'),
('5a79bd3d-d1c9-82fc-3789-3b0d392cbb22','f007695f-53fb-d80e-8c4d-5d8dcec2cd8c','06ae77ea-3780-e855-246e-fa382325dd72','edabb645-94b2-6834-4d0c-d9b5cea93ddb','Email me at contact@example.com and I''ll send photos.',now() - interval '11 days'),
('513ab761-9e59-a537-b22c-7a1bcc7f3f18','687f9e74-4859-59d1-72df-d7be1f48056a','78486db6-4558-baf0-dd97-39be046ed3ba','49b45630-8366-5b81-3f35-8d0a75c94aef','The address is 12 Baker Street if you want to swing by.',now() - interval '39 days'),
('54f63336-2040-1896-af45-35eb4acb4b59','687f9e74-4859-59d1-72df-d7be1f48056a','78486db6-4558-baf0-dd97-39be046ed3ba','d8afcb4e-65f2-4381-fbcf-cb6aa4bafdb5','I have availability Thursday or Friday morning, does that suit?',now() - interval '40 days'),
('2eec42df-2c83-377b-94d8-88586692b475','f00344d8-cba5-d00a-1708-afd722812d25','06ae77ea-3780-e855-246e-fa382325dd72','2fada40f-1fcd-378d-e862-ffda40bfe637','Thanks for the quote — does that include materials?',now() - interval '41 days'),
('d3f150bf-6950-52f7-a960-90cffd4ae3aa','f00344d8-cba5-d00a-1708-afd722812d25','06ae77ea-3780-e855-246e-fa382325dd72','26e01d35-5c66-bdee-2291-0ec7b055b5ba','Hi, happy to help — I could come by this week to assess it.',now() - interval '42 days'),
('01904214-7190-c2cf-506b-61ad02109fe4','f00344d8-cba5-d00a-1708-afd722812d25','06ae77ea-3780-e855-246e-fa382325dd72','2fada40f-1fcd-378d-e862-ffda40bfe637','Email me at contact@example.com and I''ll send photos.',now() - interval '43 days'),
('677e93ac-60d5-4010-6424-dd3cf79e2204','d3c6504e-1ee7-6413-efcb-e7dbfc4539fd','5050c90c-a260-674a-30ef-5d61ae84658c','35dfd111-9a9c-d1d4-eb87-951c6e6da907','Email me at contact@example.com and I''ll send photos.',now() - interval '35 days'),
('f3212560-d13c-be37-1fc1-fa8f45bd41e5','d3c6504e-1ee7-6413-efcb-e7dbfc4539fd','5050c90c-a260-674a-30ef-5d61ae84658c','532661b7-139b-0aa9-e58a-718fb88f9e3e','I have availability Thursday or Friday morning, does that suit?',now() - interval '36 days'),
('2fb3a1fc-0ad5-00ee-c2e3-a03510ea901c','d3c6504e-1ee7-6413-efcb-e7dbfc4539fd','5050c90c-a260-674a-30ef-5d61ae84658c','35dfd111-9a9c-d1d4-eb87-951c6e6da907','Here are some photos: www.myphotos.example.com',now() - interval '37 days'),
('3ed5eb55-de58-9fd0-4fde-7cb84fde6632','1f6a02fa-18c9-761d-afa5-3bc30f77cd60','789be1aa-4d28-1b70-1af5-00792bad1236','83649836-8d29-77c3-e3d1-c3130625ac71','Email me at contact@example.com and I''ll send photos.',now() - interval '12 days'),
('af7bbbe7-c89b-9fc0-8102-764d95e170f7','1f6a02fa-18c9-761d-afa5-3bc30f77cd60','789be1aa-4d28-1b70-1af5-00792bad1236','de7987a4-6300-0a00-f753-eafd7f8743ba','I have availability Thursday or Friday morning, does that suit?',now() - interval '13 days'),
('54c50ee0-a584-1cfd-944b-d18150a05d8f','627cb403-7271-edea-9372-65650483a4aa','9cfe229c-80d0-bcc3-57b6-07a09c2804a1','99c07696-82fa-4f30-43eb-3cb2d8659116','You can reach me directly on 07911 123456.',now() - interval '4 days'),
('d6a8067f-1bae-6e9b-037a-a77a27424fce','627cb403-7271-edea-9372-65650483a4aa','9cfe229c-80d0-bcc3-57b6-07a09c2804a1','eefa2344-a09e-9a26-c702-e329fe86c3c1','Thanks for considering me for the job!',now() - interval '5 days'),
('24313e24-a36c-baf6-58d6-68f089bb02b4','627cb403-7271-edea-9372-65650483a4aa','9cfe229c-80d0-bcc3-57b6-07a09c2804a1','99c07696-82fa-4f30-43eb-3cb2d8659116','Great, that works for me. What days are you around?',now() - interval '6 days'),
('749d0962-3c08-b929-48b2-e00ad700273a','627cb403-7271-edea-9372-65650483a4aa','9cfe229c-80d0-bcc3-57b6-07a09c2804a1','eefa2344-a09e-9a26-c702-e329fe86c3c1','That''s my best price given the materials involved.',now() - interval '7 days'),
('9af12561-4666-8871-fcd9-032897872e37','627cb403-7271-edea-9372-65650483a4aa','9cfe229c-80d0-bcc3-57b6-07a09c2804a1','99c07696-82fa-4f30-43eb-3cb2d8659116','Hi, when would you be free to come and take a look?',now() - interval '8 days'),
('d3a37518-8be3-a4fc-1f7a-34973c8b84c0','627cb403-7271-edea-9372-65650483a4aa','9cfe229c-80d0-bcc3-57b6-07a09c2804a1','eefa2344-a09e-9a26-c702-e329fe86c3c1','No problem, I can work around your schedule.',now() - interval '9 days'),
('366f0549-9749-dc5f-12a8-fbeb8480e8d6','85f5ae95-cf93-9f4b-2bc1-360a083e81e0','27ac788e-d014-903b-a552-ade009e535fd','488dca09-c9e9-9142-fc3b-3ab6207134eb','Is the price negotiable at all?',now() - interval '37 days'),
('2e1890cd-3646-82de-f55f-1915bea5e2c0','85f5ae95-cf93-9f4b-2bc1-360a083e81e0','27ac788e-d014-903b-a552-ade009e535fd','75d124aa-8a95-52b1-9bfa-aa375526c562','Hi, happy to help — I could come by this week to assess it.',now() - interval '38 days'),
('07c68225-7453-3645-8ad4-c9fcb32f98c7','85f5ae95-cf93-9f4b-2bc1-360a083e81e0','27ac788e-d014-903b-a552-ade009e535fd','488dca09-c9e9-9142-fc3b-3ab6207134eb','Here are some photos: www.myphotos.example.com',now() - interval '39 days'),
('dcfea690-2b83-07e0-759d-0eafdd5ab6ce','85f5ae95-cf93-9f4b-2bc1-360a083e81e0','27ac788e-d014-903b-a552-ade009e535fd','75d124aa-8a95-52b1-9bfa-aa375526c562','Hi, happy to help — I could come by this week to assess it.',now() - interval '40 days'),
('664542b0-6cc7-f212-213f-6d46b218683a','85f5ae95-cf93-9f4b-2bc1-360a083e81e0','27ac788e-d014-903b-a552-ade009e535fd','488dca09-c9e9-9142-fc3b-3ab6207134eb','We''re just off the high street, postcode SW1A 1AA.',now() - interval '41 days'),
('ea8c3c64-5e31-dbab-489d-aa1f89496a80','85f5ae95-cf93-9f4b-2bc1-360a083e81e0','27ac788e-d014-903b-a552-ade009e535fd','75d124aa-8a95-52b1-9bfa-aa375526c562','I''ll bring everything needed on the day.',now() - interval '42 days'),
('6aa179b5-6386-d0dc-37d5-56ae8fd7e29c','35d761c4-5f31-b031-687f-fb0a952ba82d','78486db6-4558-baf0-dd97-39be046ed3ba','49b45630-8366-5b81-3f35-8d0a75c94aef','The address is 12 Baker Street if you want to swing by.',now() - interval '15 days'),
('aaaaa55d-1d9b-1f69-c5f1-27a5aaa3f9aa','35d761c4-5f31-b031-687f-fb0a952ba82d','78486db6-4558-baf0-dd97-39be046ed3ba','d8afcb4e-65f2-4381-fbcf-cb6aa4bafdb5','That''s my best price given the materials involved.',now() - interval '16 days'),
('26939237-62f9-8a69-d040-36df5d08bff5','35d761c4-5f31-b031-687f-fb0a952ba82d','78486db6-4558-baf0-dd97-39be046ed3ba','49b45630-8366-5b81-3f35-8d0a75c94aef','Email me at contact@example.com and I''ll send photos.',now() - interval '17 days'),
('01fc25cf-06ce-00ed-3bad-4399add36fa3','35d761c4-5f31-b031-687f-fb0a952ba82d','78486db6-4558-baf0-dd97-39be046ed3ba','d8afcb4e-65f2-4381-fbcf-cb6aa4bafdb5','Yes, the quote includes all materials and labour.',now() - interval '18 days'),
('1a410141-ba39-7ae6-7291-0aed9412247b','af2d0ea8-57ea-145a-7699-125ca9aa304e','fa87243e-faac-6b21-27e7-34bbb73cfc26','2fada40f-1fcd-378d-e862-ffda40bfe637','Here are some photos: www.myphotos.example.com',now() - interval '25 days'),
('30927451-5340-879c-8ab4-58249d8ba266','af2d0ea8-57ea-145a-7699-125ca9aa304e','fa87243e-faac-6b21-27e7-34bbb73cfc26','001efde8-8ff5-e4f8-5264-4f287307bc0c','I''ll bring everything needed on the day.',now() - interval '26 days'),
('8d82e967-7ea2-41c8-a8bf-55dfb4fb435e','af2d0ea8-57ea-145a-7699-125ca9aa304e','fa87243e-faac-6b21-27e7-34bbb73cfc26','2fada40f-1fcd-378d-e862-ffda40bfe637','We''re just off the high street, postcode SW1A 1AA.',now() - interval '27 days'),
('5c596016-027f-9c42-1af3-62f4f9919ed7','9d12aca9-c7c4-47a5-1dad-2b49fe12072d','66671bd5-937b-7392-f0cd-87072d6d87d8','d1082608-90b6-7822-87af-c933fa41a395','Hi, when would you be free to come and take a look?',now() - interval '26 days'),
('afe8be7d-917f-3ce4-d071-e3b1e1882775','9d12aca9-c7c4-47a5-1dad-2b49fe12072d','66671bd5-937b-7392-f0cd-87072d6d87d8','5380cd73-3839-4027-a052-ab8b66049890','Hi, happy to help — I could come by this week to assess it.',now() - interval '27 days'),
('8af12873-972e-51c3-6144-06e466554e7d','9d12aca9-c7c4-47a5-1dad-2b49fe12072d','66671bd5-937b-7392-f0cd-87072d6d87d8','d1082608-90b6-7822-87af-c933fa41a395','Hi, when would you be free to come and take a look?',now() - interval '28 days'),
('14e1c7e4-b492-ca78-f59e-54185546fe16','9d12aca9-c7c4-47a5-1dad-2b49fe12072d','66671bd5-937b-7392-f0cd-87072d6d87d8','5380cd73-3839-4027-a052-ab8b66049890','I''ll bring everything needed on the day.',now() - interval '29 days'),
('5bcb9006-84bf-76ca-ba34-3d4ca7fbb754','9d12aca9-c7c4-47a5-1dad-2b49fe12072d','66671bd5-937b-7392-f0cd-87072d6d87d8','d1082608-90b6-7822-87af-c933fa41a395','Is the price negotiable at all?',now() - interval '30 days'),
('452dee1c-0663-f58c-f653-404e126a5719','e970aa61-ab54-c7f8-3130-eb76cb942587','8b447284-c32b-9eb6-074d-38e6a4091e64','d1082608-90b6-7822-87af-c933fa41a395','We''re just off the high street, postcode SW1A 1AA.',now() - interval '38 days'),
('2de4a127-2dd0-686f-89cd-530d19709e42','e970aa61-ab54-c7f8-3130-eb76cb942587','8b447284-c32b-9eb6-074d-38e6a4091e64','405821a3-fbab-f7eb-0d7b-88ccaaeb62b3','No problem, I can work around your schedule.',now() - interval '39 days'),
('8adc4fa9-0f53-2d63-581b-e09e3e4f0eeb','f77aa2f0-ca0e-4058-c924-bbe6753fba2a','2d9ea313-fbe6-cd34-e469-150e555b54e9','44d59b95-ab6b-97fc-0a7b-7412a1aa1dc0','Thanks for the quote — does that include materials?',now() - interval '40 days'),
('3ef0da6a-0dcc-8bbe-b387-1603f19759b6','f77aa2f0-ca0e-4058-c924-bbe6753fba2a','2d9ea313-fbe6-cd34-e469-150e555b54e9','4af0d5f5-087a-a8f3-f55a-0f23ac272b53','That''s my best price given the materials involved.',now() - interval '41 days'),
('49ab0860-6076-cb77-57f7-8be3e6f51433','f77aa2f0-ca0e-4058-c924-bbe6753fba2a','2d9ea313-fbe6-cd34-e469-150e555b54e9','44d59b95-ab6b-97fc-0a7b-7412a1aa1dc0','The address is 12 Baker Street if you want to swing by.',now() - interval '42 days'),
('b1c71162-8c7a-f81d-6836-afeab61ecb9d','f77aa2f0-ca0e-4058-c924-bbe6753fba2a','2d9ea313-fbe6-cd34-e469-150e555b54e9','4af0d5f5-087a-a8f3-f55a-0f23ac272b53','I''ll send over a firm price once I''ve seen it in person.',now() - interval '43 days'),
('7c7ccdc6-c2e3-a259-dba2-881b8baad5e0','f77aa2f0-ca0e-4058-c924-bbe6753fba2a','2d9ea313-fbe6-cd34-e469-150e555b54e9','44d59b95-ab6b-97fc-0a7b-7412a1aa1dc0','Is the price negotiable at all?',now() - interval '44 days'),
('838e8169-952f-e8fc-9bcd-8dd829846cd5','f77aa2f0-ca0e-4058-c924-bbe6753fba2a','2d9ea313-fbe6-cd34-e469-150e555b54e9','4af0d5f5-087a-a8f3-f55a-0f23ac272b53','I''ll send over a firm price once I''ve seen it in person.',now() - interval '45 days'),
('7d36daaa-3048-ac08-152a-4b42f297ca3c','7862cf8d-c92d-7135-59d2-3873af2e4536','eb3627bd-d7a5-a69d-2046-5c164954ac0a','edabb645-94b2-6834-4d0c-d9b5cea93ddb','We''re just off the high street, postcode SW1A 1AA.',now() - interval '1 days'),
('bc413d9d-fc7f-08c4-013e-25a6549ce19c','7862cf8d-c92d-7135-59d2-3873af2e4536','eb3627bd-d7a5-a69d-2046-5c164954ac0a','6bb63e4f-206f-a955-44e4-27174e381615','That''s my best price given the materials involved.',now() - interval '2 days'),
('14040ccb-510e-49e8-4fb3-487cbc20705f','7862cf8d-c92d-7135-59d2-3873af2e4536','eb3627bd-d7a5-a69d-2046-5c164954ac0a','edabb645-94b2-6834-4d0c-d9b5cea93ddb','Whatsapp me on 07700 900123 if that''s easier.',now() - interval '3 days'),
('9400bc85-8a29-5472-bb53-fd9072bb68fc','7862cf8d-c92d-7135-59d2-3873af2e4536','eb3627bd-d7a5-a69d-2046-5c164954ac0a','6bb63e4f-206f-a955-44e4-27174e381615','I have availability Thursday or Friday morning, does that suit?',now() - interval '4 days'),
('dae7e60d-1cfa-3963-21c5-cc9120035185','b86bf3dd-b154-3d50-15fc-08c2367683d5','06ae77ea-3780-e855-246e-fa382325dd72','7d0d8c45-82d3-8740-ee3d-5253a468283e','Here are some photos: www.myphotos.example.com',now() - interval '26 days'),
('1271a4e8-b4db-1ce2-3007-d6433e28f7d3','b86bf3dd-b154-3d50-15fc-08c2367683d5','06ae77ea-3780-e855-246e-fa382325dd72','26e01d35-5c66-bdee-2291-0ec7b055b5ba','Yes, the quote includes all materials and labour.',now() - interval '27 days'),
('4946b983-b441-6a27-3de2-d43f202ef926','b86bf3dd-b154-3d50-15fc-08c2367683d5','06ae77ea-3780-e855-246e-fa382325dd72','7d0d8c45-82d3-8740-ee3d-5253a468283e','The address is 12 Baker Street if you want to swing by.',now() - interval '28 days'),
('b23804a0-7028-6307-d1cf-bf41ed9ceaf4','b86bf3dd-b154-3d50-15fc-08c2367683d5','06ae77ea-3780-e855-246e-fa382325dd72','26e01d35-5c66-bdee-2291-0ec7b055b5ba','Yes, the quote includes all materials and labour.',now() - interval '29 days'),
('c0e63022-105b-2586-d4a1-def0d481411e','b86bf3dd-b154-3d50-15fc-08c2367683d5','06ae77ea-3780-e855-246e-fa382325dd72','7d0d8c45-82d3-8740-ee3d-5253a468283e','We''re just off the high street, postcode SW1A 1AA.',now() - interval '30 days'),
('a468ea49-bba1-021f-3592-86300bdc8157','5538ea80-52dd-6e5d-2d7a-0cd7d3f7a186','d3977501-9f0c-4a98-64a5-e99112287332','edabb645-94b2-6834-4d0c-d9b5cea93ddb','Whatsapp me on 07700 900123 if that''s easier.',now() - interval '22 days'),
('f77eebed-cc35-a1f1-636e-f1ff3a7d4c94','5538ea80-52dd-6e5d-2d7a-0cd7d3f7a186','d3977501-9f0c-4a98-64a5-e99112287332','21a187e2-46f2-29b1-95d8-7559604a6c14','That''s my best price given the materials involved.',now() - interval '23 days'),
('7288f74d-2f4e-5a9e-c6de-f74abbfb0dd8','65f5036d-0d97-a3ce-69b9-f18a6bd9c65a','eb3627bd-d7a5-a69d-2046-5c164954ac0a','2fada40f-1fcd-378d-e862-ffda40bfe637','Whatsapp me on 07700 900123 if that''s easier.',now() - interval '101 days'),
('b1868db6-ec17-8cc3-f16f-9b63c5c6f1e4','65f5036d-0d97-a3ce-69b9-f18a6bd9c65a','eb3627bd-d7a5-a69d-2046-5c164954ac0a','6bb63e4f-206f-a955-44e4-27174e381615','That''s my best price given the materials involved.',now() - interval '102 days'),
('c5a25f17-5130-a690-4134-632081b72e1f','c8372978-1344-8554-3228-37b43d4a6674','2d9ea313-fbe6-cd34-e469-150e555b54e9','d1082608-90b6-7822-87af-c933fa41a395','Great, that works for me. What days are you around?',now() - interval '6 days'),
('8a544df0-04e5-72ce-485b-c1446ade2c3b','c8372978-1344-8554-3228-37b43d4a6674','2d9ea313-fbe6-cd34-e469-150e555b54e9','4af0d5f5-087a-a8f3-f55a-0f23ac272b53','That''s my best price given the materials involved.',now() - interval '7 days'),
('cbde0e42-b5a6-91a9-2062-8a66e450b10f','c8372978-1344-8554-3228-37b43d4a6674','2d9ea313-fbe6-cd34-e469-150e555b54e9','d1082608-90b6-7822-87af-c933fa41a395','Is the price negotiable at all?',now() - interval '8 days'),
('d7d51278-e11c-b2f6-409f-1094cb3e821c','c8372978-1344-8554-3228-37b43d4a6674','2d9ea313-fbe6-cd34-e469-150e555b54e9','4af0d5f5-087a-a8f3-f55a-0f23ac272b53','No problem, I can work around your schedule.',now() - interval '9 days'),
('45312b54-2acc-8ca1-2635-d9f8e8ae1fe6','c8372978-1344-8554-3228-37b43d4a6674','2d9ea313-fbe6-cd34-e469-150e555b54e9','d1082608-90b6-7822-87af-c933fa41a395','Thanks for the quote — does that include materials?',now() - interval '10 days'),
('2d8a43de-6bda-18cc-b29d-bf3786423028','c8372978-1344-8554-3228-37b43d4a6674','2d9ea313-fbe6-cd34-e469-150e555b54e9','4af0d5f5-087a-a8f3-f55a-0f23ac272b53','Hi, happy to help — I could come by this week to assess it.',now() - interval '11 days'),
('1be2a963-bfa7-8deb-f523-7ff7cdb8f475','31cb126b-fc44-bd06-78cf-469af87211f4','eb3627bd-d7a5-a69d-2046-5c164954ac0a','49b45630-8366-5b81-3f35-8d0a75c94aef','The address is 12 Baker Street if you want to swing by.',now() - interval '15 days'),
('b49f9ab8-5ecc-f2c4-f4e6-2b9733bace05','31cb126b-fc44-bd06-78cf-469af87211f4','eb3627bd-d7a5-a69d-2046-5c164954ac0a','6bb63e4f-206f-a955-44e4-27174e381615','Thanks for considering me for the job!',now() - interval '16 days'),
('151e0577-759f-6adb-1cba-7375b7aae371','31cb126b-fc44-bd06-78cf-469af87211f4','eb3627bd-d7a5-a69d-2046-5c164954ac0a','49b45630-8366-5b81-3f35-8d0a75c94aef','We''re just off the high street, postcode SW1A 1AA.',now() - interval '17 days'),
('41cb7c29-04fd-93a5-285d-fa79fd8719ed','31cb126b-fc44-bd06-78cf-469af87211f4','eb3627bd-d7a5-a69d-2046-5c164954ac0a','6bb63e4f-206f-a955-44e4-27174e381615','Thanks for considering me for the job!',now() - interval '18 days'),
('8e892a15-694b-0522-7c12-178f9de1b363','31cb126b-fc44-bd06-78cf-469af87211f4','eb3627bd-d7a5-a69d-2046-5c164954ac0a','49b45630-8366-5b81-3f35-8d0a75c94aef','Thanks for the quote — does that include materials?',now() - interval '19 days'),
('4f33011f-8d1f-ac08-fc4e-9ea97cf89780','cdfb3ffe-a515-5111-875a-cb6d758d52c5','9cfe229c-80d0-bcc3-57b6-07a09c2804a1','8c28aba5-d7f9-4700-5af1-ecb2b8b0fa04','Hi, when would you be free to come and take a look?',now() - interval '0 days'),
('88d33172-0d40-f14e-e393-a909a144fa96','cdfb3ffe-a515-5111-875a-cb6d758d52c5','9cfe229c-80d0-bcc3-57b6-07a09c2804a1','eefa2344-a09e-9a26-c702-e329fe86c3c1','Hi, happy to help — I could come by this week to assess it.',now() - interval '0 days'),
('8ccdb350-07da-3948-d863-050c8434ef7c','cdfb3ffe-a515-5111-875a-cb6d758d52c5','9cfe229c-80d0-bcc3-57b6-07a09c2804a1','8c28aba5-d7f9-4700-5af1-ecb2b8b0fa04','Here are some photos: www.myphotos.example.com',now() - interval '0 days'),
('e53c47f1-4dfa-760e-bffc-2ca4b55ec6d7','cdfb3ffe-a515-5111-875a-cb6d758d52c5','9cfe229c-80d0-bcc3-57b6-07a09c2804a1','eefa2344-a09e-9a26-c702-e329fe86c3c1','That''s my best price given the materials involved.',now() - interval '0 days'),
('d60d5626-3ac5-9ab7-7b17-b2a7abf9e48b','cdfb3ffe-a515-5111-875a-cb6d758d52c5','9cfe229c-80d0-bcc3-57b6-07a09c2804a1','8c28aba5-d7f9-4700-5af1-ecb2b8b0fa04','We''re just off the high street, postcode SW1A 1AA.',now() - interval '0 days'),
('0cb32334-7bf5-a989-5ab7-699ce30d6d9f','8ed1600a-9317-8bd9-5fb1-3b33b3af67d7','2d9ea313-fbe6-cd34-e469-150e555b54e9','83649836-8d29-77c3-e3d1-c3130625ac71','Here are some photos: www.myphotos.example.com',now() - interval '34 days'),
('9fc2da38-2ec1-a295-be28-230a28e73b6a','8ed1600a-9317-8bd9-5fb1-3b33b3af67d7','2d9ea313-fbe6-cd34-e469-150e555b54e9','4af0d5f5-087a-a8f3-f55a-0f23ac272b53','No problem, I can work around your schedule.',now() - interval '35 days'),
('4e2d436b-9452-5550-867b-4785db4e9170','8f1417ea-32ce-2da9-5113-fdd52c9b277d','b9684ad2-9ed0-6bf7-a5ee-fc3797b0fec8','130a16f6-0cfe-3088-2867-7114053ba72b','Great, that works for me. What days are you around?',now() - interval '41 days'),
('57d494f6-719a-3d26-0c62-7c497aa9421b','8f1417ea-32ce-2da9-5113-fdd52c9b277d','b9684ad2-9ed0-6bf7-a5ee-fc3797b0fec8','0bf8aaa4-d053-e405-bbaa-db16534b944d','Thanks for considering me for the job!',now() - interval '42 days'),
('488c9cf9-1d98-6b48-2342-d35fa59bba67','8f1417ea-32ce-2da9-5113-fdd52c9b277d','b9684ad2-9ed0-6bf7-a5ee-fc3797b0fec8','130a16f6-0cfe-3088-2867-7114053ba72b','Great, that works for me. What days are you around?',now() - interval '43 days'),
('11c5baf2-23ca-24f5-a4ba-22d8555a8a8c','8f1417ea-32ce-2da9-5113-fdd52c9b277d','b9684ad2-9ed0-6bf7-a5ee-fc3797b0fec8','0bf8aaa4-d053-e405-bbaa-db16534b944d','Yes, the quote includes all materials and labour.',now() - interval '44 days'),
('5a590edb-d77a-88f1-c7a2-639ddbd7700f','8f1417ea-32ce-2da9-5113-fdd52c9b277d','b9684ad2-9ed0-6bf7-a5ee-fc3797b0fec8','130a16f6-0cfe-3088-2867-7114053ba72b','Whatsapp me on 07700 900123 if that''s easier.',now() - interval '45 days'),
('90c8e2c3-d286-e032-5242-e981067f6087','37ca0e84-a9e7-cc52-78a9-8f3e56221d5a','00c35863-9938-381f-6de8-6716d1a72be5','49b45630-8366-5b81-3f35-8d0a75c94aef','Thanks for the quote — does that include materials?',now() - interval '11 days'),
('e165e0da-8310-2244-131f-e5cd2a7d19cc','37ca0e84-a9e7-cc52-78a9-8f3e56221d5a','00c35863-9938-381f-6de8-6716d1a72be5','7e388b5c-724e-cb31-f8e6-3ec5f39bad82','Hi, happy to help — I could come by this week to assess it.',now() - interval '12 days'),
('f9ff9665-5443-0522-fde2-f8da181729df','37ca0e84-a9e7-cc52-78a9-8f3e56221d5a','00c35863-9938-381f-6de8-6716d1a72be5','49b45630-8366-5b81-3f35-8d0a75c94aef','The address is 12 Baker Street if you want to swing by.',now() - interval '13 days'),
('74910582-3ea5-9333-9e1e-7dc3dc5e9223','37ca0e84-a9e7-cc52-78a9-8f3e56221d5a','00c35863-9938-381f-6de8-6716d1a72be5','7e388b5c-724e-cb31-f8e6-3ec5f39bad82','I have availability Thursday or Friday morning, does that suit?',now() - interval '14 days'),
('97f1bd53-4771-10a2-9e11-2b82aaf4f521','ddce731a-dd20-5aae-1edc-7ac1676e3e48','3f2609c7-ed4e-f514-0767-6783a39d3d1d','44d59b95-ab6b-97fc-0a7b-7412a1aa1dc0','We''re just off the high street, postcode SW1A 1AA.',now() - interval '38 days'),
('6b88491f-8f61-2403-dec3-a5f1dd80ee6a','ddce731a-dd20-5aae-1edc-7ac1676e3e48','3f2609c7-ed4e-f514-0767-6783a39d3d1d','e7df80c8-89ed-7ae4-7aff-321364e7a5bb','Hi, happy to help — I could come by this week to assess it.',now() - interval '39 days'),
('4abac949-cdd3-fdcc-fb0e-18dc05a8f2c1','257f5894-03bd-d7cf-1456-9cbe74676287','e5f5bcaf-8ae1-87ba-a0a1-8fb998cdee6e','35dfd111-9a9c-d1d4-eb87-951c6e6da907','Is the price negotiable at all?',now() - interval '42 days'),
('5f545d14-288b-a54a-31df-972c92c317f7','257f5894-03bd-d7cf-1456-9cbe74676287','e5f5bcaf-8ae1-87ba-a0a1-8fb998cdee6e','357169d7-956f-7219-fa7f-43d26a0ac00b','Hi, happy to help — I could come by this week to assess it.',now() - interval '43 days'),
('3efbeacc-2da7-a39a-4dba-573157bc769b','257f5894-03bd-d7cf-1456-9cbe74676287','e5f5bcaf-8ae1-87ba-a0a1-8fb998cdee6e','35dfd111-9a9c-d1d4-eb87-951c6e6da907','The address is 12 Baker Street if you want to swing by.',now() - interval '44 days'),
('d5350f6c-ab4e-bf27-1c44-d031e378dc83','88cf4a70-b264-d56b-5074-d006424ec6bf','00c35863-9938-381f-6de8-6716d1a72be5','684aa6ec-1757-40b3-a0e5-c591485a65af','Thanks for the quote — does that include materials?',now() - interval '9 days'),
('14f28aec-3f60-b501-a4fc-4802a87f2495','88cf4a70-b264-d56b-5074-d006424ec6bf','00c35863-9938-381f-6de8-6716d1a72be5','7e388b5c-724e-cb31-f8e6-3ec5f39bad82','I''ll send over a firm price once I''ve seen it in person.',now() - interval '10 days'),
('ec9327d1-c0f8-c233-a690-691bc16cb9df','81f22535-7796-3630-6547-2ce9acc937b4','8b447284-c32b-9eb6-074d-38e6a4091e64','07d51d4e-9873-ea37-23dc-800b9682f950','Email me at contact@example.com and I''ll send photos.',now() - interval '37 days'),
('3a999a7b-c243-7881-4f28-6dc7923fe35c','81f22535-7796-3630-6547-2ce9acc937b4','8b447284-c32b-9eb6-074d-38e6a4091e64','405821a3-fbab-f7eb-0d7b-88ccaaeb62b3','Hi, happy to help — I could come by this week to assess it.',now() - interval '38 days'),
('5792174e-ea90-01d1-b001-4bd9022f94f3','81f22535-7796-3630-6547-2ce9acc937b4','8b447284-c32b-9eb6-074d-38e6a4091e64','07d51d4e-9873-ea37-23dc-800b9682f950','We''re just off the high street, postcode SW1A 1AA.',now() - interval '39 days'),
('602ea9e7-f958-3b11-8584-56932a1a08f0','81f22535-7796-3630-6547-2ce9acc937b4','8b447284-c32b-9eb6-074d-38e6a4091e64','405821a3-fbab-f7eb-0d7b-88ccaaeb62b3','That''s my best price given the materials involved.',now() - interval '40 days'),
('92b40028-5d44-8720-5c17-6418d85b3653','81f22535-7796-3630-6547-2ce9acc937b4','8b447284-c32b-9eb6-074d-38e6a4091e64','07d51d4e-9873-ea37-23dc-800b9682f950','Email me at contact@example.com and I''ll send photos.',now() - interval '41 days'),
('9ca5e535-4703-b0c6-ae0d-b5463bac47d8','87295ae4-6eeb-2615-fec4-eb9917a93f92','fa87243e-faac-6b21-27e7-34bbb73cfc26','83649836-8d29-77c3-e3d1-c3130625ac71','Email me at contact@example.com and I''ll send photos.',now() - interval '70 days'),
('b48e1410-4a9f-fd24-64d7-08aaff0a6850','87295ae4-6eeb-2615-fec4-eb9917a93f92','fa87243e-faac-6b21-27e7-34bbb73cfc26','001efde8-8ff5-e4f8-5264-4f287307bc0c','Hi, happy to help — I could come by this week to assess it.',now() - interval '71 days'),
('fb1a613f-e600-49a4-bfba-d2e2ff322823','87295ae4-6eeb-2615-fec4-eb9917a93f92','fa87243e-faac-6b21-27e7-34bbb73cfc26','83649836-8d29-77c3-e3d1-c3130625ac71','You can reach me directly on 07911 123456.',now() - interval '72 days'),
('b3ba4efa-6871-0607-c96f-d944ce2be311','09436fe5-3d2b-ae73-01ac-2da0d48a6381','06aaf1f9-4858-3c1d-e8f4-81b03080b3f7','684aa6ec-1757-40b3-a0e5-c591485a65af','Whatsapp me on 07700 900123 if that''s easier.',now() - interval '46 days'),
('9e3c9dcf-8899-e1ef-2e0a-8e23ea5df736','09436fe5-3d2b-ae73-01ac-2da0d48a6381','06aaf1f9-4858-3c1d-e8f4-81b03080b3f7','08eff55e-0bd3-fcd8-643e-f77029cd7f2f','No problem, I can work around your schedule.',now() - interval '47 days'),
('7d87f440-7e4d-dd15-5afb-674425a0dc39','09436fe5-3d2b-ae73-01ac-2da0d48a6381','06aaf1f9-4858-3c1d-e8f4-81b03080b3f7','684aa6ec-1757-40b3-a0e5-c591485a65af','Thanks for the quote — does that include materials?',now() - interval '48 days'),
('eea6f68d-a005-8321-5eb0-35a0d997d95a','09436fe5-3d2b-ae73-01ac-2da0d48a6381','06aaf1f9-4858-3c1d-e8f4-81b03080b3f7','08eff55e-0bd3-fcd8-643e-f77029cd7f2f','I have availability Thursday or Friday morning, does that suit?',now() - interval '49 days'),
('c297132b-3abe-1d6d-e354-43c00271e6e3','09436fe5-3d2b-ae73-01ac-2da0d48a6381','06aaf1f9-4858-3c1d-e8f4-81b03080b3f7','684aa6ec-1757-40b3-a0e5-c591485a65af','Here are some photos: www.myphotos.example.com',now() - interval '50 days'),
('b5161f14-f8f0-3063-6633-7adbe3df6f8e','c597fbe6-16cc-50dd-3a4b-e1010aac6af2','00c35863-9938-381f-6de8-6716d1a72be5','d1082608-90b6-7822-87af-c933fa41a395','Whatsapp me on 07700 900123 if that''s easier.',now() - interval '42 days'),
('19ae41d1-3feb-f4fe-b148-51fcf56b6b19','c597fbe6-16cc-50dd-3a4b-e1010aac6af2','00c35863-9938-381f-6de8-6716d1a72be5','7e388b5c-724e-cb31-f8e6-3ec5f39bad82','Hi, happy to help — I could come by this week to assess it.',now() - interval '43 days'),
('73e24d4a-8181-bcd0-e05a-ef0e50f0e08e','c597fbe6-16cc-50dd-3a4b-e1010aac6af2','00c35863-9938-381f-6de8-6716d1a72be5','d1082608-90b6-7822-87af-c933fa41a395','The address is 12 Baker Street if you want to swing by.',now() - interval '44 days'),
('df085483-8c7a-09f4-3b73-d7377716b9fc','a2a6bcfa-698b-0b2f-82a7-d4a0ed78bf50','06aaf1f9-4858-3c1d-e8f4-81b03080b3f7','684aa6ec-1757-40b3-a0e5-c591485a65af','Here are some photos: www.myphotos.example.com',now() - interval '93 days'),
('da7ce5b9-d8e9-72f6-1693-6ecc093b35a9','a2a6bcfa-698b-0b2f-82a7-d4a0ed78bf50','06aaf1f9-4858-3c1d-e8f4-81b03080b3f7','08eff55e-0bd3-fcd8-643e-f77029cd7f2f','I''ll send over a firm price once I''ve seen it in person.',now() - interval '94 days'),
('dffde0f5-e5b9-71a5-7431-53348f51abec','a2a6bcfa-698b-0b2f-82a7-d4a0ed78bf50','06aaf1f9-4858-3c1d-e8f4-81b03080b3f7','684aa6ec-1757-40b3-a0e5-c591485a65af','Great, that works for me. What days are you around?',now() - interval '95 days'),
('f7e566b0-303e-a3e4-5f9d-d3a5de75ba2a','a2a6bcfa-698b-0b2f-82a7-d4a0ed78bf50','06aaf1f9-4858-3c1d-e8f4-81b03080b3f7','08eff55e-0bd3-fcd8-643e-f77029cd7f2f','I''ll bring everything needed on the day.',now() - interval '96 days'),
('f0af8184-5b44-3426-5b20-18e23409c548','a2a6bcfa-698b-0b2f-82a7-d4a0ed78bf50','06aaf1f9-4858-3c1d-e8f4-81b03080b3f7','684aa6ec-1757-40b3-a0e5-c591485a65af','Email me at contact@example.com and I''ll send photos.',now() - interval '97 days'),
('96d7f5e4-4189-befb-9b39-e00a2eadf189','5400d282-4768-e850-cd2a-ac0fca3bc053','27ac788e-d014-903b-a552-ade009e535fd','2fada40f-1fcd-378d-e862-ffda40bfe637','Email me at contact@example.com and I''ll send photos.',now() - interval '34 days'),
('b00cf1c2-4f6b-4684-2e40-8a09fd73727a','5400d282-4768-e850-cd2a-ac0fca3bc053','27ac788e-d014-903b-a552-ade009e535fd','75d124aa-8a95-52b1-9bfa-aa375526c562','I''ll bring everything needed on the day.',now() - interval '35 days'),
('605eb68e-d6bb-ffd9-7884-3d320fa66962','5400d282-4768-e850-cd2a-ac0fca3bc053','27ac788e-d014-903b-a552-ade009e535fd','2fada40f-1fcd-378d-e862-ffda40bfe637','Thanks for the quote — does that include materials?',now() - interval '36 days'),
('df6c3bbc-6c9d-9d0d-766c-cc40c85b5385','5400d282-4768-e850-cd2a-ac0fca3bc053','27ac788e-d014-903b-a552-ade009e535fd','75d124aa-8a95-52b1-9bfa-aa375526c562','I have availability Thursday or Friday morning, does that suit?',now() - interval '37 days'),
('2c823eda-94f9-e495-387b-ed8e4e95abad','5400d282-4768-e850-cd2a-ac0fca3bc053','27ac788e-d014-903b-a552-ade009e535fd','2fada40f-1fcd-378d-e862-ffda40bfe637','The address is 12 Baker Street if you want to swing by.',now() - interval '38 days'),
('46441d52-deb7-8327-5f80-ed6a4342a15a','5400d282-4768-e850-cd2a-ac0fca3bc053','27ac788e-d014-903b-a552-ade009e535fd','75d124aa-8a95-52b1-9bfa-aa375526c562','I have availability Thursday or Friday morning, does that suit?',now() - interval '39 days'),
('1165969d-67b5-02a9-8efb-427e2255902d','b2dfd314-777e-82ca-5f58-5d13e4a05e4b','8b447284-c32b-9eb6-074d-38e6a4091e64','83649836-8d29-77c3-e3d1-c3130625ac71','Hi, when would you be free to come and take a look?',now() - interval '0 days'),
('956c1b0a-48c9-4d00-8e72-a335b5e656b8','b2dfd314-777e-82ca-5f58-5d13e4a05e4b','8b447284-c32b-9eb6-074d-38e6a4091e64','405821a3-fbab-f7eb-0d7b-88ccaaeb62b3','I have availability Thursday or Friday morning, does that suit?',now() - interval '0 days'),
('8fdb21b7-3c3f-de60-d994-218c785e8b97','b2dfd314-777e-82ca-5f58-5d13e4a05e4b','8b447284-c32b-9eb6-074d-38e6a4091e64','83649836-8d29-77c3-e3d1-c3130625ac71','Hi, when would you be free to come and take a look?',now() - interval '1 days'),
('a9f6068b-3ff2-79a1-6b7b-1f89fe56505c','b2dfd314-777e-82ca-5f58-5d13e4a05e4b','8b447284-c32b-9eb6-074d-38e6a4091e64','405821a3-fbab-f7eb-0d7b-88ccaaeb62b3','Thanks for considering me for the job!',now() - interval '2 days'),
('9a2761b4-fa72-419f-f588-89804eb097f3','b2dfd314-777e-82ca-5f58-5d13e4a05e4b','8b447284-c32b-9eb6-074d-38e6a4091e64','83649836-8d29-77c3-e3d1-c3130625ac71','You can reach me directly on 07911 123456.',now() - interval '3 days'),
('338caf4f-1022-2b9a-93d3-da7681383db5','b2dfd314-777e-82ca-5f58-5d13e4a05e4b','8b447284-c32b-9eb6-074d-38e6a4091e64','405821a3-fbab-f7eb-0d7b-88ccaaeb62b3','Thanks for considering me for the job!',now() - interval '4 days'),
('d886fc1f-ceab-65e5-bd5a-bc1556d76e8e','81735cbd-6560-0edb-e163-25d7b44080df','b9684ad2-9ed0-6bf7-a5ee-fc3797b0fec8','7cbe29b2-0110-5a18-d143-18fe759e02fd','The address is 12 Baker Street if you want to swing by.',now() - interval '81 days'),
('43d09e2d-6d9a-4f4c-d74f-6de1b20cfa29','81735cbd-6560-0edb-e163-25d7b44080df','b9684ad2-9ed0-6bf7-a5ee-fc3797b0fec8','0bf8aaa4-d053-e405-bbaa-db16534b944d','I have availability Thursday or Friday morning, does that suit?',now() - interval '82 days'),
('8c04d037-cbea-f634-6bb7-838b1c342a34','5e24a5d1-9650-bbf5-72d8-e702c7a05942','06aaf1f9-4858-3c1d-e8f4-81b03080b3f7','264ae085-fa4e-d6ae-6c59-7788d18c4c32','Great, that works for me. What days are you around?',now() - interval '46 days'),
('66d33f19-06d3-8348-2a98-e17e96e168fb','5e24a5d1-9650-bbf5-72d8-e702c7a05942','06aaf1f9-4858-3c1d-e8f4-81b03080b3f7','08eff55e-0bd3-fcd8-643e-f77029cd7f2f','Yes, the quote includes all materials and labour.',now() - interval '47 days'),
('31656f10-069c-54f9-4f0c-43adf8bc733c','c6c990ca-5a9b-fac9-b1b7-c1d039b4c1b8','2d9ea313-fbe6-cd34-e469-150e555b54e9','49b45630-8366-5b81-3f35-8d0a75c94aef','Thanks for the quote — does that include materials?',now() - interval '55 days'),
('927a5fb2-0e47-9bac-b0c2-6a616b1682da','c6c990ca-5a9b-fac9-b1b7-c1d039b4c1b8','2d9ea313-fbe6-cd34-e469-150e555b54e9','4af0d5f5-087a-a8f3-f55a-0f23ac272b53','Thanks for considering me for the job!',now() - interval '56 days'),
('7404657e-c4ff-c02f-0f35-e8ce6abbb464','c6c990ca-5a9b-fac9-b1b7-c1d039b4c1b8','2d9ea313-fbe6-cd34-e469-150e555b54e9','49b45630-8366-5b81-3f35-8d0a75c94aef','Thanks for the quote — does that include materials?',now() - interval '57 days'),
('f32410bb-5697-0a9e-e124-a247492ddf8c','2da05350-390f-540e-cd28-1e697ded7de4','66671bd5-937b-7392-f0cd-87072d6d87d8','44d59b95-ab6b-97fc-0a7b-7412a1aa1dc0','Thanks for the quote — does that include materials?',now() - interval '71 days'),
('2cccbe49-077a-eada-79db-141fcb365a05','2da05350-390f-540e-cd28-1e697ded7de4','66671bd5-937b-7392-f0cd-87072d6d87d8','5380cd73-3839-4027-a052-ab8b66049890','Hi, happy to help — I could come by this week to assess it.',now() - interval '72 days'),
('7d26fae7-ffbd-b5fa-e4cc-4cbf090acfae','2da05350-390f-540e-cd28-1e697ded7de4','66671bd5-937b-7392-f0cd-87072d6d87d8','44d59b95-ab6b-97fc-0a7b-7412a1aa1dc0','Here are some photos: www.myphotos.example.com',now() - interval '73 days'),
('8b79c397-4795-1800-4b3e-ae41fdff251f','2da05350-390f-540e-cd28-1e697ded7de4','66671bd5-937b-7392-f0cd-87072d6d87d8','5380cd73-3839-4027-a052-ab8b66049890','I''ll bring everything needed on the day.',now() - interval '74 days'),
('a3c0102c-9869-1ace-f1e0-57fc2750ff03','2da05350-390f-540e-cd28-1e697ded7de4','66671bd5-937b-7392-f0cd-87072d6d87d8','44d59b95-ab6b-97fc-0a7b-7412a1aa1dc0','Is the price negotiable at all?',now() - interval '75 days'),
('7b09436e-6aed-0b71-3afc-0766e06452ab','2da05350-390f-540e-cd28-1e697ded7de4','66671bd5-937b-7392-f0cd-87072d6d87d8','5380cd73-3839-4027-a052-ab8b66049890','Thanks for considering me for the job!',now() - interval '76 days'),
('fc7b55c4-634b-ff38-b929-450cfc479d81','90989dca-5576-46d0-7ec1-e2a600013a04','2d9ea313-fbe6-cd34-e469-150e555b54e9','6ba9d6ad-26f4-0b41-64c6-02f5b62d80a9','We''re just off the high street, postcode SW1A 1AA.',now() - interval '34 days'),
('e8e1a3bf-438f-cc0b-8b61-37ccc06012ed','90989dca-5576-46d0-7ec1-e2a600013a04','2d9ea313-fbe6-cd34-e469-150e555b54e9','4af0d5f5-087a-a8f3-f55a-0f23ac272b53','Yes, the quote includes all materials and labour.',now() - interval '35 days'),
('8603aa27-75f4-7180-0208-9c8b58f5c31a','90989dca-5576-46d0-7ec1-e2a600013a04','2d9ea313-fbe6-cd34-e469-150e555b54e9','6ba9d6ad-26f4-0b41-64c6-02f5b62d80a9','Thanks for the quote — does that include materials?',now() - interval '36 days'),
('ac627c80-3c05-ac5b-b1a8-88775b760d32','90989dca-5576-46d0-7ec1-e2a600013a04','2d9ea313-fbe6-cd34-e469-150e555b54e9','4af0d5f5-087a-a8f3-f55a-0f23ac272b53','That''s my best price given the materials involved.',now() - interval '37 days'),
('ba39e887-1f98-85b7-5366-e6b2d629f2e5','90989dca-5576-46d0-7ec1-e2a600013a04','2d9ea313-fbe6-cd34-e469-150e555b54e9','6ba9d6ad-26f4-0b41-64c6-02f5b62d80a9','Whatsapp me on 07700 900123 if that''s easier.',now() - interval '38 days'),
('15018a4f-2775-b8ed-5906-0bdfbcf1fbe7','ef5d7c5d-8ad6-d336-e8aa-95bc86d38a02','8b447284-c32b-9eb6-074d-38e6a4091e64','d1082608-90b6-7822-87af-c933fa41a395','Here are some photos: www.myphotos.example.com',now() - interval '103 days'),
('e9f574d1-d954-dbe4-c034-08b04afb46d8','ef5d7c5d-8ad6-d336-e8aa-95bc86d38a02','8b447284-c32b-9eb6-074d-38e6a4091e64','405821a3-fbab-f7eb-0d7b-88ccaaeb62b3','Hi, happy to help — I could come by this week to assess it.',now() - interval '104 days'),
('9eeadb35-b3af-391e-c095-185300b94ffe','ef5d7c5d-8ad6-d336-e8aa-95bc86d38a02','8b447284-c32b-9eb6-074d-38e6a4091e64','d1082608-90b6-7822-87af-c933fa41a395','You can reach me directly on 07911 123456.',now() - interval '105 days'),
('4d6844c5-a960-c6b6-4045-06b8ee5e16bf','ef5d7c5d-8ad6-d336-e8aa-95bc86d38a02','8b447284-c32b-9eb6-074d-38e6a4091e64','405821a3-fbab-f7eb-0d7b-88ccaaeb62b3','I have availability Thursday or Friday morning, does that suit?',now() - interval '106 days'),
('d662f6ea-7862-cf95-adc6-66446f3e1c6a','ef5d7c5d-8ad6-d336-e8aa-95bc86d38a02','8b447284-c32b-9eb6-074d-38e6a4091e64','d1082608-90b6-7822-87af-c933fa41a395','You can reach me directly on 07911 123456.',now() - interval '107 days'),
('23a25f5a-e839-368d-9390-1df609b85066','ef5d7c5d-8ad6-d336-e8aa-95bc86d38a02','8b447284-c32b-9eb6-074d-38e6a4091e64','405821a3-fbab-f7eb-0d7b-88ccaaeb62b3','I have availability Thursday or Friday morning, does that suit?',now() - interval '108 days'),
('ed86fc27-4272-fa07-9948-f4b8c1ce0cc5','965c3688-8313-44eb-881f-0cd9eb3db677','78486db6-4558-baf0-dd97-39be046ed3ba','99c07696-82fa-4f30-43eb-3cb2d8659116','We''re just off the high street, postcode SW1A 1AA.',now() - interval '39 days'),
('62755109-1199-e420-0d91-04f2d0c4960f','965c3688-8313-44eb-881f-0cd9eb3db677','78486db6-4558-baf0-dd97-39be046ed3ba','d8afcb4e-65f2-4381-fbcf-cb6aa4bafdb5','Thanks for considering me for the job!',now() - interval '40 days'),
('c28d29f9-01e5-b034-177c-27e876baeda9','965c3688-8313-44eb-881f-0cd9eb3db677','78486db6-4558-baf0-dd97-39be046ed3ba','99c07696-82fa-4f30-43eb-3cb2d8659116','Hi, when would you be free to come and take a look?',now() - interval '41 days'),
('cc6053f4-581f-a97d-e25e-1816d6d138f1','965c3688-8313-44eb-881f-0cd9eb3db677','78486db6-4558-baf0-dd97-39be046ed3ba','d8afcb4e-65f2-4381-fbcf-cb6aa4bafdb5','Yes, the quote includes all materials and labour.',now() - interval '42 days'),
('7e08fdc6-5094-380c-d107-82ff69ab34f3','965c3688-8313-44eb-881f-0cd9eb3db677','78486db6-4558-baf0-dd97-39be046ed3ba','99c07696-82fa-4f30-43eb-3cb2d8659116','Thanks for the quote — does that include materials?',now() - interval '43 days'),
('09d0b94a-f703-29b9-3c75-bc53581a5857','16fb246c-efbb-10f1-1db9-7b4270130a92','8b447284-c32b-9eb6-074d-38e6a4091e64','264ae085-fa4e-d6ae-6c59-7788d18c4c32','Whatsapp me on 07700 900123 if that''s easier.',now() - interval '12 days'),
('69247a2b-6f4a-f90b-dbf1-824f0c203a21','16fb246c-efbb-10f1-1db9-7b4270130a92','8b447284-c32b-9eb6-074d-38e6a4091e64','405821a3-fbab-f7eb-0d7b-88ccaaeb62b3','I''ll bring everything needed on the day.',now() - interval '13 days'),
('debfd28d-1ee2-e137-755c-bfa8d29ef038','16fb246c-efbb-10f1-1db9-7b4270130a92','8b447284-c32b-9eb6-074d-38e6a4091e64','264ae085-fa4e-d6ae-6c59-7788d18c4c32','Email me at contact@example.com and I''ll send photos.',now() - interval '14 days'),
('1da14e20-7dad-f147-56a5-3de75d7845b1','16fb246c-efbb-10f1-1db9-7b4270130a92','8b447284-c32b-9eb6-074d-38e6a4091e64','405821a3-fbab-f7eb-0d7b-88ccaaeb62b3','Hi, happy to help — I could come by this week to assess it.',now() - interval '15 days'),
('c28e931a-8e52-680f-224c-3c261e452b3d','4e2c0f3a-1fd0-4995-2a10-a9bc37d1ea65','eb3627bd-d7a5-a69d-2046-5c164954ac0a','488dca09-c9e9-9142-fc3b-3ab6207134eb','Here are some photos: www.myphotos.example.com',now() - interval '2 days'),
('a0b33bf6-3450-338d-5950-ac9a55e72831','4e2c0f3a-1fd0-4995-2a10-a9bc37d1ea65','eb3627bd-d7a5-a69d-2046-5c164954ac0a','6bb63e4f-206f-a955-44e4-27174e381615','Yes, the quote includes all materials and labour.',now() - interval '3 days'),
('854bee83-8381-c910-6d03-925c38eba301','4e2c0f3a-1fd0-4995-2a10-a9bc37d1ea65','eb3627bd-d7a5-a69d-2046-5c164954ac0a','488dca09-c9e9-9142-fc3b-3ab6207134eb','The address is 12 Baker Street if you want to swing by.',now() - interval '4 days'),
('f1d2b837-037f-fa31-b31e-e1cfec2a09d9','4e2c0f3a-1fd0-4995-2a10-a9bc37d1ea65','eb3627bd-d7a5-a69d-2046-5c164954ac0a','6bb63e4f-206f-a955-44e4-27174e381615','Yes, the quote includes all materials and labour.',now() - interval '5 days'),
('b71466ad-71d9-9785-8052-9ed2a7bde3b7','4e2c0f3a-1fd0-4995-2a10-a9bc37d1ea65','eb3627bd-d7a5-a69d-2046-5c164954ac0a','488dca09-c9e9-9142-fc3b-3ab6207134eb','You can reach me directly on 07911 123456.',now() - interval '6 days'),
('2fd21ce5-c7f7-c5f2-25d5-119ccee40c20','e880558d-de4e-431e-21e2-b43dfc0a5494','eb3627bd-d7a5-a69d-2046-5c164954ac0a','49b45630-8366-5b81-3f35-8d0a75c94aef','The address is 12 Baker Street if you want to swing by.',now() - interval '27 days'),
('4ce81e6d-6e1c-e706-1c06-9b582d4204e1','e880558d-de4e-431e-21e2-b43dfc0a5494','eb3627bd-d7a5-a69d-2046-5c164954ac0a','6bb63e4f-206f-a955-44e4-27174e381615','Yes, the quote includes all materials and labour.',now() - interval '28 days'),
('1cfff443-0565-b90b-e2ee-4cc839be38e5','e880558d-de4e-431e-21e2-b43dfc0a5494','eb3627bd-d7a5-a69d-2046-5c164954ac0a','49b45630-8366-5b81-3f35-8d0a75c94aef','You can reach me directly on 07911 123456.',now() - interval '29 days'),
('c9c3074b-8086-6959-027c-909ddbd63661','e880558d-de4e-431e-21e2-b43dfc0a5494','eb3627bd-d7a5-a69d-2046-5c164954ac0a','6bb63e4f-206f-a955-44e4-27174e381615','Yes, the quote includes all materials and labour.',now() - interval '30 days'),
('b1b41291-6040-dcfd-72d3-c3edeebd5748','78ef9eb0-c3d4-8a49-783d-382838b05e2d','b9684ad2-9ed0-6bf7-a5ee-fc3797b0fec8','7cbe29b2-0110-5a18-d143-18fe759e02fd','Great, that works for me. What days are you around?',now() - interval '5 days'),
('aa297c4e-2c3a-4028-1d60-a01905e2546a','78ef9eb0-c3d4-8a49-783d-382838b05e2d','b9684ad2-9ed0-6bf7-a5ee-fc3797b0fec8','0bf8aaa4-d053-e405-bbaa-db16534b944d','Hi, happy to help — I could come by this week to assess it.',now() - interval '6 days'),
('5dbdc50a-2651-1f3c-3c29-78e6cf2c7bb1','78ef9eb0-c3d4-8a49-783d-382838b05e2d','b9684ad2-9ed0-6bf7-a5ee-fc3797b0fec8','7cbe29b2-0110-5a18-d143-18fe759e02fd','You can reach me directly on 07911 123456.',now() - interval '7 days'),
('5e070a64-01d1-a5cc-e9a8-457576b5ec28','2777da40-3ca8-d799-64d8-92bf878de67f','06ae77ea-3780-e855-246e-fa382325dd72','4135be19-2cf1-f7f4-6a02-f1f5884fbebe','Thanks for the quote — does that include materials?',now() - interval '77 days'),
('bf3943d6-ee44-e870-6cb3-fa7e33981a61','2777da40-3ca8-d799-64d8-92bf878de67f','06ae77ea-3780-e855-246e-fa382325dd72','26e01d35-5c66-bdee-2291-0ec7b055b5ba','No problem, I can work around your schedule.',now() - interval '78 days'),
('281e6807-d47b-6fff-d66f-3e2c36429df9','2777da40-3ca8-d799-64d8-92bf878de67f','06ae77ea-3780-e855-246e-fa382325dd72','4135be19-2cf1-f7f4-6a02-f1f5884fbebe','We''re just off the high street, postcode SW1A 1AA.',now() - interval '79 days'),
('a049cdbd-72c8-b805-d35d-742eb2419535','2777da40-3ca8-d799-64d8-92bf878de67f','06ae77ea-3780-e855-246e-fa382325dd72','26e01d35-5c66-bdee-2291-0ec7b055b5ba','Yes, the quote includes all materials and labour.',now() - interval '80 days'),
('8373a204-7f83-a5ff-b557-f5fdda2d193f','14b95dce-9f95-b369-05a0-889793c78fd7','9cfe229c-80d0-bcc3-57b6-07a09c2804a1','488dca09-c9e9-9142-fc3b-3ab6207134eb','The address is 12 Baker Street if you want to swing by.',now() - interval '21 days'),
('06cb1d42-6c77-06e8-41b2-87cedb9e7bac','14b95dce-9f95-b369-05a0-889793c78fd7','9cfe229c-80d0-bcc3-57b6-07a09c2804a1','eefa2344-a09e-9a26-c702-e329fe86c3c1','I''ll bring everything needed on the day.',now() - interval '22 days'),
('0edac706-3a5d-d971-4c26-8b94d0c50230','9d694356-198a-ad48-966b-21ebcad7ccf6','5050c90c-a260-674a-30ef-5d61ae84658c','264ae085-fa4e-d6ae-6c59-7788d18c4c32','Email me at contact@example.com and I''ll send photos.',now() - interval '102 days'),
('0194f28c-e054-cdf4-3f8f-0ad68d71092e','9d694356-198a-ad48-966b-21ebcad7ccf6','5050c90c-a260-674a-30ef-5d61ae84658c','532661b7-139b-0aa9-e58a-718fb88f9e3e','Thanks for considering me for the job!',now() - interval '103 days'),
('a7dd97f5-2405-c683-8552-f34300d3017a','9d694356-198a-ad48-966b-21ebcad7ccf6','5050c90c-a260-674a-30ef-5d61ae84658c','264ae085-fa4e-d6ae-6c59-7788d18c4c32','We''re just off the high street, postcode SW1A 1AA.',now() - interval '104 days'),
('81ef55b1-b8f8-ae24-472f-1a7c41c59cd2','9d694356-198a-ad48-966b-21ebcad7ccf6','5050c90c-a260-674a-30ef-5d61ae84658c','532661b7-139b-0aa9-e58a-718fb88f9e3e','That''s my best price given the materials involved.',now() - interval '105 days'),
('9d935621-ae20-e963-c646-197e4ff3142d','9d694356-198a-ad48-966b-21ebcad7ccf6','5050c90c-a260-674a-30ef-5d61ae84658c','264ae085-fa4e-d6ae-6c59-7788d18c4c32','We''re just off the high street, postcode SW1A 1AA.',now() - interval '106 days'),
('67089358-f0ff-7c01-5a45-a76e30972177','9ecc8583-f156-31cd-a0d0-157102eba49f','06aaf1f9-4858-3c1d-e8f4-81b03080b3f7','7d0d8c45-82d3-8740-ee3d-5253a468283e','You can reach me directly on 07911 123456.',now() - interval '7 days'),
('8c6127eb-220c-a94f-73f0-b98b7e187bb2','9ecc8583-f156-31cd-a0d0-157102eba49f','06aaf1f9-4858-3c1d-e8f4-81b03080b3f7','08eff55e-0bd3-fcd8-643e-f77029cd7f2f','I have availability Thursday or Friday morning, does that suit?',now() - interval '8 days'),
('8e5dd8d2-f725-54b7-cb0a-790bdc164aac','2f262ebc-3116-8b2a-3d54-b898a5737d15','9cfe229c-80d0-bcc3-57b6-07a09c2804a1','5182738d-2b4e-468c-0a94-0d999e4e400b','You can reach me directly on 07911 123456.',now() - interval '53 days'),
('72e0cd99-9238-e978-1765-b8051bd8e706','2f262ebc-3116-8b2a-3d54-b898a5737d15','9cfe229c-80d0-bcc3-57b6-07a09c2804a1','eefa2344-a09e-9a26-c702-e329fe86c3c1','I''ll bring everything needed on the day.',now() - interval '54 days'),
('4d3cbfd8-ff70-c574-736b-e1b58350bd29','942f3d1a-edfd-89d1-1ca4-a7062f913a61','eb3627bd-d7a5-a69d-2046-5c164954ac0a','130a16f6-0cfe-3088-2867-7114053ba72b','Is the price negotiable at all?',now() - interval '109 days'),
('39e18444-0233-8a38-2ec0-9a4609fd026b','942f3d1a-edfd-89d1-1ca4-a7062f913a61','eb3627bd-d7a5-a69d-2046-5c164954ac0a','6bb63e4f-206f-a955-44e4-27174e381615','Thanks for considering me for the job!',now() - interval '110 days'),
('27452edf-c3fe-49fb-ca92-2b4a3255225b','942f3d1a-edfd-89d1-1ca4-a7062f913a61','eb3627bd-d7a5-a69d-2046-5c164954ac0a','130a16f6-0cfe-3088-2867-7114053ba72b','Thanks for the quote — does that include materials?',now() - interval '111 days'),
('867aa667-14fe-a0a5-6f13-f10a098edeb9','942f3d1a-edfd-89d1-1ca4-a7062f913a61','eb3627bd-d7a5-a69d-2046-5c164954ac0a','6bb63e4f-206f-a955-44e4-27174e381615','I''ll bring everything needed on the day.',now() - interval '112 days'),
('28e43ad7-7867-cd1a-1352-759a14e19eee','942f3d1a-edfd-89d1-1ca4-a7062f913a61','eb3627bd-d7a5-a69d-2046-5c164954ac0a','130a16f6-0cfe-3088-2867-7114053ba72b','Here are some photos: www.myphotos.example.com',now() - interval '113 days'),
('f6981eef-2ce9-95ff-ffbc-cf584a974675','9199cf2c-fdbe-8175-361c-0cf421be9610','b9684ad2-9ed0-6bf7-a5ee-fc3797b0fec8','49b45630-8366-5b81-3f35-8d0a75c94aef','You can reach me directly on 07911 123456.',now() - interval '51 days'),
('7cf4bd51-49b7-7348-b2cf-9939f7486adb','9199cf2c-fdbe-8175-361c-0cf421be9610','b9684ad2-9ed0-6bf7-a5ee-fc3797b0fec8','0bf8aaa4-d053-e405-bbaa-db16534b944d','I''ll bring everything needed on the day.',now() - interval '52 days'),
('51b434a8-ea06-1caf-37fb-e13f3fe3ad61','1323aea8-6fa9-45d0-21cd-074f0729a5f2','9cfe229c-80d0-bcc3-57b6-07a09c2804a1','2fada40f-1fcd-378d-e862-ffda40bfe637','We''re just off the high street, postcode SW1A 1AA.',now() - interval '99 days'),
('cb84bee1-0c5f-3ad6-6f78-e2ddbff5719b','1323aea8-6fa9-45d0-21cd-074f0729a5f2','9cfe229c-80d0-bcc3-57b6-07a09c2804a1','eefa2344-a09e-9a26-c702-e329fe86c3c1','I''ll bring everything needed on the day.',now() - interval '100 days'),
('2f973afd-3d10-15ae-0009-0c70123ffeef','1323aea8-6fa9-45d0-21cd-074f0729a5f2','9cfe229c-80d0-bcc3-57b6-07a09c2804a1','2fada40f-1fcd-378d-e862-ffda40bfe637','You can reach me directly on 07911 123456.',now() - interval '101 days'),
('61940702-c317-8d41-dbdb-2332cb48f458','1323aea8-6fa9-45d0-21cd-074f0729a5f2','9cfe229c-80d0-bcc3-57b6-07a09c2804a1','eefa2344-a09e-9a26-c702-e329fe86c3c1','Yes, the quote includes all materials and labour.',now() - interval '102 days'),
('ee34864d-887d-1682-c7a2-15524aca0c45','1323aea8-6fa9-45d0-21cd-074f0729a5f2','9cfe229c-80d0-bcc3-57b6-07a09c2804a1','2fada40f-1fcd-378d-e862-ffda40bfe637','The address is 12 Baker Street if you want to swing by.',now() - interval '103 days'),
('bf8ab2be-77d8-1a9d-d1b9-fba155320184','a57523e0-8640-60f4-45b8-97acfa3d179b','fa87243e-faac-6b21-27e7-34bbb73cfc26','7d0d8c45-82d3-8740-ee3d-5253a468283e','We''re just off the high street, postcode SW1A 1AA.',now() - interval '38 days'),
('6651d477-7db5-14b2-36a9-e0fcd2585c39','a57523e0-8640-60f4-45b8-97acfa3d179b','fa87243e-faac-6b21-27e7-34bbb73cfc26','001efde8-8ff5-e4f8-5264-4f287307bc0c','I''ll bring everything needed on the day.',now() - interval '39 days'),
('2f76d9ad-a31c-40b1-f022-728c776219ce','a57523e0-8640-60f4-45b8-97acfa3d179b','fa87243e-faac-6b21-27e7-34bbb73cfc26','7d0d8c45-82d3-8740-ee3d-5253a468283e','Whatsapp me on 07700 900123 if that''s easier.',now() - interval '40 days'),
('cfe264ef-fe79-b468-f13c-2a490e56e1bf','1464c5b1-d95f-d484-8240-6ad4221cf6b8','b471dbb5-2730-bee5-2e70-344c19078cbe','5182738d-2b4e-468c-0a94-0d999e4e400b','Is the price negotiable at all?',now() - interval '64 days'),
('a22c8351-08ef-f8eb-2b9d-a843119a75ee','1464c5b1-d95f-d484-8240-6ad4221cf6b8','b471dbb5-2730-bee5-2e70-344c19078cbe','7cd3050a-c759-80e4-7a3a-f260752dc163','That''s my best price given the materials involved.',now() - interval '65 days'),
('c2569da0-f615-8b55-49d9-0eb3c60bf4fd','1464c5b1-d95f-d484-8240-6ad4221cf6b8','b471dbb5-2730-bee5-2e70-344c19078cbe','5182738d-2b4e-468c-0a94-0d999e4e400b','The address is 12 Baker Street if you want to swing by.',now() - interval '66 days'),
('aa2277ee-0de7-3289-549f-71bfd4308460','05e66141-4faf-909d-d75f-7ea92b2e8a0d','2d9ea313-fbe6-cd34-e469-150e555b54e9','d1082608-90b6-7822-87af-c933fa41a395','You can reach me directly on 07911 123456.',now() - interval '8 days'),
('3bf118bf-ced4-8710-e964-5f72a60c3fd9','05e66141-4faf-909d-d75f-7ea92b2e8a0d','2d9ea313-fbe6-cd34-e469-150e555b54e9','4af0d5f5-087a-a8f3-f55a-0f23ac272b53','No problem, I can work around your schedule.',now() - interval '9 days'),
('d36615a5-6186-1b94-f623-b77c90591582','05e66141-4faf-909d-d75f-7ea92b2e8a0d','2d9ea313-fbe6-cd34-e469-150e555b54e9','d1082608-90b6-7822-87af-c933fa41a395','Thanks for the quote — does that include materials?',now() - interval '10 days'),
('a09e83a9-e7d7-1ecb-4444-213f509b6b70','05e66141-4faf-909d-d75f-7ea92b2e8a0d','2d9ea313-fbe6-cd34-e469-150e555b54e9','4af0d5f5-087a-a8f3-f55a-0f23ac272b53','I''ll send over a firm price once I''ve seen it in person.',now() - interval '11 days'),
('722bde91-8095-1fa6-c465-2bb077b2e2f6','81fceed2-7b69-a7a7-11e4-3088433f19b2','5050c90c-a260-674a-30ef-5d61ae84658c','83081393-cbce-8ff5-43ce-84f96b8721ee','Whatsapp me on 07700 900123 if that''s easier.',now() - interval '41 days'),
('f2707915-bd16-af05-c207-ae585b127048','81fceed2-7b69-a7a7-11e4-3088433f19b2','5050c90c-a260-674a-30ef-5d61ae84658c','532661b7-139b-0aa9-e58a-718fb88f9e3e','That''s my best price given the materials involved.',now() - interval '42 days'),
('d00f8ccc-00bc-7440-919f-f3172b65f9bd','699c1603-d18a-4f46-595b-62dc123c0cf1','66671bd5-937b-7392-f0cd-87072d6d87d8','4135be19-2cf1-f7f4-6a02-f1f5884fbebe','Whatsapp me on 07700 900123 if that''s easier.',now() - interval '104 days'),
('5f09931c-bf79-8cc0-f28c-cb42ac04a1f5','699c1603-d18a-4f46-595b-62dc123c0cf1','66671bd5-937b-7392-f0cd-87072d6d87d8','5380cd73-3839-4027-a052-ab8b66049890','I''ll bring everything needed on the day.',now() - interval '105 days'),
('8c9a4c59-82c8-1e19-368d-c924ad971c1a','699c1603-d18a-4f46-595b-62dc123c0cf1','66671bd5-937b-7392-f0cd-87072d6d87d8','4135be19-2cf1-f7f4-6a02-f1f5884fbebe','We''re just off the high street, postcode SW1A 1AA.',now() - interval '106 days'),
('bbc50c40-c854-ff5a-07d7-177055da1c88','b39bfdce-1858-c4ef-cd91-94cbd21aa8a3','fa87243e-faac-6b21-27e7-34bbb73cfc26','49b45630-8366-5b81-3f35-8d0a75c94aef','Here are some photos: www.myphotos.example.com',now() - interval '23 days'),
('271a2a56-b7fd-3533-db1f-a5b0d477942f','b39bfdce-1858-c4ef-cd91-94cbd21aa8a3','fa87243e-faac-6b21-27e7-34bbb73cfc26','001efde8-8ff5-e4f8-5264-4f287307bc0c','I''ll bring everything needed on the day.',now() - interval '24 days'),
('0c361682-f5ac-59dd-ad2c-ef24c4cbcc33','b39bfdce-1858-c4ef-cd91-94cbd21aa8a3','fa87243e-faac-6b21-27e7-34bbb73cfc26','49b45630-8366-5b81-3f35-8d0a75c94aef','Hi, when would you be free to come and take a look?',now() - interval '25 days'),
('ba9ba1e4-0c8b-d508-525a-634707603eef','b39bfdce-1858-c4ef-cd91-94cbd21aa8a3','fa87243e-faac-6b21-27e7-34bbb73cfc26','001efde8-8ff5-e4f8-5264-4f287307bc0c','No problem, I can work around your schedule.',now() - interval '26 days'),
('b6592c30-d6a9-dce8-b6e5-05464fab2552','9278d37e-bf14-0cc6-9b25-0016830d147f','8b447284-c32b-9eb6-074d-38e6a4091e64','264ae085-fa4e-d6ae-6c59-7788d18c4c32','Here are some photos: www.myphotos.example.com',now() - interval '10 days'),
('c7a8397d-f1c8-9890-f27b-3cf306b44e0f','9278d37e-bf14-0cc6-9b25-0016830d147f','8b447284-c32b-9eb6-074d-38e6a4091e64','405821a3-fbab-f7eb-0d7b-88ccaaeb62b3','I''ll send over a firm price once I''ve seen it in person.',now() - interval '11 days'),
('b95942a0-118a-cc70-4a3b-cbe70c740e06','9278d37e-bf14-0cc6-9b25-0016830d147f','8b447284-c32b-9eb6-074d-38e6a4091e64','264ae085-fa4e-d6ae-6c59-7788d18c4c32','You can reach me directly on 07911 123456.',now() - interval '12 days'),
('2c229a15-feae-8d97-e72a-2275472b75a0','9278d37e-bf14-0cc6-9b25-0016830d147f','8b447284-c32b-9eb6-074d-38e6a4091e64','405821a3-fbab-f7eb-0d7b-88ccaaeb62b3','Yes, the quote includes all materials and labour.',now() - interval '13 days'),
('7da6a5ae-365c-0383-d620-f7ed0a63c699','9278d37e-bf14-0cc6-9b25-0016830d147f','8b447284-c32b-9eb6-074d-38e6a4091e64','264ae085-fa4e-d6ae-6c59-7788d18c4c32','You can reach me directly on 07911 123456.',now() - interval '14 days');

COMMIT;
